Year,Grand Prix,Date,Winner,Car,Laps
1950,Great Britain,1950-05-13,Nino FarinaFAR,Alfa Romeo,70
1950,Monaco,1950-05-21,Juan Manuel FangioFAN,Alfa Romeo,100
1950,Indianapolis,1950-05-30,Johnnie  ParsonsPAR,Kurtis Kraft Offenhauser,138
1950,Switzerland,04 Jun 1950,Nino FarinaFAR,Alfa Romeo,42
1950,Belgium,18 Jun 1950,Juan Manuel FangioFAN,Alfa Romeo,35
1950,France,02 Jul 1950,Juan Manuel FangioFAN,Alfa Romeo,64
1950,Italy,03 Sep 1950,Nino FarinaFAR,Alfa Romeo,80
1951,Switzerland,1951-05-27,Juan Manuel FangioFAN,Alfa Romeo,42
1951,Indianapolis,1951-05-30,Lee WallardWAL,Kurtis Kraft Offenhauser,200
1951,Belgium,17 Jun 1951,Nino FarinaFAR,Alfa Romeo,36
1951,France,01 Jul 1951,Juan Manuel FangioFAN,Alfa Romeo,77
1951,Great Britain,14 Jul 1951,Jose Froilan GonzalezGON,Ferrari,90
1951,Germany,29 Jul 1951,Alberto AscariASC,Ferrari,20
1951,Italy,16 Sep 1951,Alberto AscariASC,Ferrari,80
1951,Spain,28 Oct 1951,Juan Manuel FangioFAN,Alfa Romeo,70
1952,Switzerland,1952-05-18,Piero  TaruffiTAR,Ferrari,62
1952,Indianapolis,1952-05-30,Troy RuttmanRUT,Kuzma Offenhauser,200
1952,Belgium,22 Jun 1952,Alberto AscariASC,Ferrari,36
1952,France,06 Jul 1952,Alberto AscariASC,Ferrari,77
1952,Great Britain,19 Jul 1952,Alberto AscariASC,Ferrari,85
1952,Germany,03 Aug 1952,Alberto AscariASC,Ferrari,18
1952,Netherlands,17 Aug 1952,Alberto AscariASC,Ferrari,90
1952,Italy,07 Sep 1952,Alberto AscariASC,Ferrari,80
1953,Argentina,18 Jan 1953,Alberto AscariASC,Ferrari,97
1953,Indianapolis,1953-05-30,Bill  Vukovich VUK,Kurtis Kraft Offenhauser,200
1953,Netherlands,07 Jun 1953,Alberto AscariASC,Ferrari,90
1953,Belgium,21 Jun 1953,Alberto AscariASC,Ferrari,36
1953,France,05 Jul 1953,Mike HawthornHAW,Ferrari,60
1953,Great Britain,18 Jul 1953,Alberto AscariASC,Ferrari,90
1953,Germany,02 Aug 1953,Nino FarinaFAR,Ferrari,18
1953,Switzerland,23 Aug 1953,Alberto AscariASC,Ferrari,65
1953,Italy,13 Sep 1953,Juan Manuel FangioFAN,Maserati,80
1954,Argentina,17 Jan 1954,Juan Manuel FangioFAN,Maserati,87
1954,Indianapolis,1954-05-31,Bill  Vukovich VUK,Kurtis Kraft Offenhauser,200
1954,Belgium,20 Jun 1954,Juan Manuel FangioFAN,Maserati,36
1954,France,04 Jul 1954,Juan Manuel FangioFAN,Mercedes-Benz,61
1954,Great Britain,17 Jul 1954,Jose Froilan GonzalezGON,Ferrari,90
1954,Germany,01 Aug 1954,Juan Manuel FangioFAN,Mercedes-Benz,22
1954,Switzerland,22 Aug 1954,Juan Manuel FangioFAN,Mercedes-Benz,66
1954,Italy,05 Sep 1954,Juan Manuel FangioFAN,Mercedes-Benz,80
1954,Spain,24 Oct 1954,Mike HawthornHAW,Ferrari,80
1955,Argentina,16 Jan 1955,Juan Manuel FangioFAN,Mercedes-Benz,96
1955,Monaco,1955-05-22,Maurice  TrintignantTRI,Ferrari,100
1955,Indianapolis,1955-05-30,Bob SweikertSWE,Kurtis Kraft Offenhauser,200
1955,Belgium,05 Jun 1955,Juan Manuel FangioFAN,Mercedes-Benz,36
1955,Netherlands,19 Jun 1955,Juan Manuel FangioFAN,Mercedes-Benz,100
1955,Great Britain,16 Jul 1955,Stirling MossMOS,Mercedes-Benz,90
1955,Italy,11 Sep 1955,Juan Manuel FangioFAN,Mercedes-Benz,50
1956,Argentina,22 Jan 1956,Juan Manuel FangioFAN,Ferrari,98
1956,Monaco,1956-05-13,Stirling MossMOS,Maserati,100
1956,Indianapolis,1956-05-30,Pat FlahertyFLA,Watson Offenhauser,200
1956,Belgium,03 Jun 1956,Peter CollinsCOL,Ferrari,36
1956,France,01 Jul 1956,Peter CollinsCOL,Ferrari,61
1956,Great Britain,14 Jul 1956,Juan Manuel FangioFAN,Ferrari,101
1956,Germany,05 Aug 1956,Juan Manuel FangioFAN,Ferrari,22
1956,Italy,02 Sep 1956,Stirling MossMOS,Maserati,50
1957,Argentina,13 Jan 1957,Juan Manuel FangioFAN,Maserati,100
1957,Monaco,1957-05-19,Juan Manuel FangioFAN,Maserati,105
1957,Indianapolis,1957-05-30,Sam HanksHAN,Epperly Offenhauser,200
1957,France,07 Jul 1957,Juan Manuel FangioFAN,Maserati,77
1957,Great Britain,20 Jul 1957,Stirling MossMOS,Vanwall,90
1957,Germany,04 Aug 1957,Juan Manuel FangioFAN,Maserati,22
1957,Pescara,18 Aug 1957,Stirling MossMOS,Vanwall,18
1957,Italy,08 Sep 1957,Stirling MossMOS,Vanwall,87
1958,Argentina,19 Jan 1958,Stirling MossMOS,Cooper Climax,80
1958,Monaco,1958-05-18,Maurice  TrintignantTRI,Cooper Climax,100
1958,Netherlands,1958-05-26,Stirling MossMOS,Vanwall,75
1958,Indianapolis,1958-05-30,Jimmy BryanBRY,Epperly Offenhauser,200
1958,Belgium,15 Jun 1958,Tony BrooksBRO,Vanwall,24
1958,France,06 Jul 1958,Mike HawthornHAW,Ferrari,50
1958,Great Britain,19 Jul 1958,Peter CollinsCOL,Ferrari,75
1958,Germany,03 Aug 1958,Tony BrooksBRO,Vanwall,15
1958,Portugal,24 Aug 1958,Stirling MossMOS,Vanwall,50
1958,Italy,07 Sep 1958,Tony BrooksBRO,Vanwall,70
1958,Morocco,19 Oct 1958,Stirling MossMOS,Vanwall,53
1959,Monaco,1959-05-10,Jack BrabhamBRA,Cooper Climax,100
1959,Indianapolis,1959-05-30,Rodger WardWAR,Watson Offenhauser,200
1959,Netherlands,1959-05-31,Jo BonnierBON,BRM,75
1959,France,05 Jul 1959,Tony BrooksBRO,Ferrari,50
1959,Great Britain,18 Jul 1959,Jack BrabhamBRA,Cooper Climax,75
1959,Germany,02 Aug 1959,Tony BrooksBRO,Ferrari,60
1959,Portugal,23 Aug 1959,Stirling MossMOS,Cooper Climax,62
1959,Italy,13 Sep 1959,Stirling MossMOS,Cooper Climax,72
1959,United States,12 Dec 1959,Bruce McLarenMCL,Cooper Climax,42
1960,Argentina,07 Feb 1960,Bruce McLarenMCL,Cooper Climax,80
1960,Monaco,1960-05-29,Stirling MossMOS,Lotus Climax,100
1960,Indianapolis,1960-05-30,Jim RathmannRAT,Watson Offenhauser,200
1960,Netherlands,06 Jun 1960,Jack BrabhamBRA,Cooper Climax,75
1960,Belgium,19 Jun 1960,Jack BrabhamBRA,Cooper Climax,36
1960,France,03 Jul 1960,Jack BrabhamBRA,Cooper Climax,50
1960,Great Britain,16 Jul 1960,Jack BrabhamBRA,Cooper Climax,77
1960,Portugal,14 Aug 1960,Jack BrabhamBRA,Cooper Climax,55
1960,Italy,04 Sep 1960,Phil HillHIL,Ferrari,50
1960,United States,20 Nov 1960,Stirling MossMOS,Lotus Climax,75
1961,Monaco,1961-05-14,Stirling MossMOS,Lotus Climax,100
1961,Netherlands,1961-05-22,Wolfgang von TripsVON,Ferrari,75
1961,Belgium,18 Jun 1961,Phil HillHIL,Ferrari,30
1961,France,02 Jul 1961,Giancarlo BaghettiBAG,Ferrari,52
1961,Great Britain,15 Jul 1961,Wolfgang von TripsVON,Ferrari,75
1961,Germany,06 Aug 1961,Stirling MossMOS,Lotus Climax,15
1961,Italy,10 Sep 1961,Phil HillHIL,Ferrari,43
1961,United States,08 Oct 1961,Innes IrelandIRE,Lotus Climax,100
1962,Netherlands,1962-05-20,Graham HillHIL,BRM,80
1962,Monaco,03 Jun 1962,Bruce McLarenMCL,Cooper Climax,100
1962,Belgium,17 Jun 1962,Jim ClarkCLA,Lotus Climax,32
1962,France,08 Jul 1962,Dan GurneyGUR,Porsche,54
1962,Great Britain,21 Jul 1962,Jim ClarkCLA,Lotus Climax,75
1962,Germany,05 Aug 1962,Graham HillHIL,BRM,15
1962,Italy,16 Sep 1962,Graham HillHIL,BRM,86
1962,United States,07 Oct 1962,Jim ClarkCLA,Lotus Climax,100
1962,South Africa,29 Dec 1962,Graham HillHIL,BRM,82
1963,Monaco,1963-05-26,Graham HillHIL,BRM,100
1963,Belgium,09 Jun 1963,Jim ClarkCLA,Lotus Climax,32
1963,Netherlands,23 Jun 1963,Jim ClarkCLA,Lotus Climax,80
1963,France,30 Jun 1963,Jim ClarkCLA,Lotus Climax,53
1963,Great Britain,20 Jul 1963,Jim ClarkCLA,Lotus Climax,82
1963,Germany,04 Aug 1963,John SurteesSUR,Ferrari,15
1963,Italy,08 Sep 1963,Jim ClarkCLA,Lotus Climax,86
1963,United States,06 Oct 1963,Graham HillHIL,BRM,110
1963,Mexico,27 Oct 1963,Jim ClarkCLA,Lotus Climax,65
1963,South Africa,28 Dec 1963,Jim ClarkCLA,Lotus Climax,85
1964,Monaco,1964-05-10,Graham HillHIL,BRM,100
1964,Netherlands,1964-05-24,Jim ClarkCLA,Lotus Climax,80
1964,Belgium,14 Jun 1964,Jim ClarkCLA,Lotus Climax,32
1964,France,28 Jun 1964,Dan GurneyGUR,Brabham Climax,57
1964,Great Britain,11 Jul 1964,Jim ClarkCLA,Lotus Climax,80
1964,Germany,02 Aug 1964,John SurteesSUR,Ferrari,15
1964,Austria,23 Aug 1964,Lorenzo BandiniBAN,Ferrari,105
1964,Italy,06 Sep 1964,John SurteesSUR,Ferrari,78
1964,United States,04 Oct 1964,Graham HillHIL,BRM,110
1964,Mexico,25 Oct 1964,Dan GurneyGUR,Brabham Climax,65
1965,South Africa,01 Jan 1965,Jim ClarkCLA,Lotus Climax,85
1965,Monaco,1965-05-30,Graham HillHIL,BRM,100
1965,Belgium,13 Jun 1965,Jim ClarkCLA,Lotus Climax,32
1965,France,27 Jun 1965,Jim ClarkCLA,Lotus Climax,40
1965,Great Britain,10 Jul 1965,Jim ClarkCLA,Lotus Climax,80
1965,Netherlands,18 Jul 1965,Jim ClarkCLA,Lotus Climax,80
1965,Germany,01 Aug 1965,Jim ClarkCLA,Lotus Climax,15
1965,Italy,12 Sep 1965,Jackie StewartSTE,BRM,76
1965,United States,03 Oct 1965,Graham HillHIL,BRM,110
1965,Mexico,24 Oct 1965,Richie GintherGIN,Honda,65
1966,Monaco,1966-05-22,Jackie StewartSTE,BRM,100
1966,Belgium,12 Jun 1966,John SurteesSUR,Ferrari,28
1966,France,03 Jul 1966,Jack BrabhamBRA,Brabham Repco,48
1966,Great Britain,16 Jul 1966,Jack BrabhamBRA,Brabham Repco,80
1966,Netherlands,24 Jul 1966,Jack BrabhamBRA,Brabham Repco,90
1966,Germany,07 Aug 1966,Jack BrabhamBRA,Brabham Repco,15
1966,Italy,04 Sep 1966,Ludovico ScarfiottiSCA,Ferrari,68
1966,United States,02 Oct 1966,Jim ClarkCLA,Lotus BRM,108
1966,Mexico,23 Oct 1966,John SurteesSUR,Cooper Maserati,65
1967,South Africa,02 Jan 1967,Pedro RodriguezROD,Cooper Maserati,80
1967,Monaco,1967-05-07,Denny HulmeHUL,Brabham Repco,100
1967,Netherlands,04 Jun 1967,Jim ClarkCLA,Lotus Ford,90
1967,Belgium,18 Jun 1967,Dan GurneyGUR,Eagle Weslake,28
1967,France,02 Jul 1967,Jack BrabhamBRA,Brabham Repco,80
1967,Great Britain,15 Jul 1967,Jim ClarkCLA,Lotus Ford,80
1967,Germany,06 Aug 1967,Denny HulmeHUL,Brabham Repco,15
1967,Canada,27 Aug 1967,Jack BrabhamBRA,Brabham Repco,90
1967,Italy,10 Sep 1967,John SurteesSUR,Honda,68
1967,United States,01 Oct 1967,Jim ClarkCLA,Lotus Ford,108
1967,Mexico,22 Oct 1967,Jim ClarkCLA,Lotus Ford,65
1968,South Africa,01 Jan 1968,Jim ClarkCLA,Lotus Ford,80
1968,Spain,1968-05-12,Graham HillHIL,Lotus Ford,90
1968,Monaco,1968-05-26,Graham HillHIL,Lotus Ford,80
1968,Belgium,09 Jun 1968,Bruce McLarenMCL,McLaren Ford,28
1968,Netherlands,23 Jun 1968,Jackie StewartSTE,Matra Ford,90
1968,France,07 Jul 1968,Jacky IckxICK,Ferrari,60
1968,Great Britain,20 Jul 1968,Jo SiffertSIF,Lotus Ford,80
1968,Germany,04 Aug 1968,Jackie StewartSTE,Matra Ford,14
1968,Italy,08 Sep 1968,Denny HulmeHUL,McLaren Ford,68
1968,Canada,22 Sep 1968,Denny HulmeHUL,McLaren Ford,90
1968,United States,06 Oct 1968,Jackie StewartSTE,Matra Ford,108
1968,Mexico,03 Nov 1968,Graham HillHIL,Lotus Ford,65
1969,South Africa,01 Mar 1969,Jackie StewartSTE,Matra Ford,80
1969,Spain,1969-05-04,Jackie StewartSTE,Matra Ford,90
1969,Monaco,1969-05-18,Graham HillHIL,Lotus Ford,80
1969,Netherlands,21 Jun 1969,Jackie StewartSTE,Matra Ford,90
1969,France,06 Jul 1969,Jackie StewartSTE,Matra Ford,38
1969,Great Britain,19 Jul 1969,Jackie StewartSTE,Matra Ford,84
1969,Germany,03 Aug 1969,Jacky IckxICK,Brabham Ford,14
1969,Italy,07 Sep 1969,Jackie StewartSTE,Matra Ford,68
1969,Canada,20 Sep 1969,Jacky IckxICK,Brabham Ford,90
1969,United States,05 Oct 1969,Jochen RindtRIN,Lotus Ford,108
1969,Mexico,19 Oct 1969,Denny HulmeHUL,McLaren Ford,65
1970,South Africa,07 Mar 1970,Jack BrabhamBRA,Brabham Ford,80
1970,Spain,19 Apr 1970,Jackie StewartSTE,March Ford,90
1970,Monaco,1970-05-10,Jochen RindtRIN,Lotus Ford,80
1970,Belgium,07 Jun 1970,Pedro RodriguezROD,BRM,28
1970,Netherlands,21 Jun 1970,Jochen RindtRIN,Lotus Ford,80
1970,France,05 Jul 1970,Jochen RindtRIN,Lotus Ford,38
1970,Great Britain,18 Jul 1970,Jochen RindtRIN,Lotus Ford,80
1970,Germany,02 Aug 1970,Jochen RindtRIN,Lotus Ford,50
1970,Austria,16 Aug 1970,Jacky IckxICK,Ferrari,60
1970,Italy,06 Sep 1970,Clay RegazzoniREG,Ferrari,68
1970,Canada,20 Sep 1970,Jacky IckxICK,Ferrari,90
1970,United States,04 Oct 1970,Emerson FittipaldiFIT,Lotus Ford,108
1970,Mexico,25 Oct 1970,Jacky IckxICK,Ferrari,65
1971,South Africa,06 Mar 1971,Mario AndrettiAND,Ferrari,79
1971,Spain,18 Apr 1971,Jackie StewartSTE,Tyrrell Ford,75
1971,Monaco,1971-05-23,Jackie StewartSTE,Tyrrell Ford,80
1971,Netherlands,20 Jun 1971,Jacky IckxICK,Ferrari,70
1971,France,04 Jul 1971,Jackie StewartSTE,Tyrrell Ford,55
1971,Great Britain,17 Jul 1971,Jackie StewartSTE,Tyrrell Ford,68
1971,Germany,01 Aug 1971,Jackie StewartSTE,Tyrrell Ford,12
1971,Austria,15 Aug 1971,Jo SiffertSIF,BRM,54
1971,Italy,05 Sep 1971,Peter  Gethin GET,BRM,55
1971,Canada,19 Sep 1971,Jackie StewartSTE,Tyrrell Ford,64
1971,United States,03 Oct 1971,Francois  Cevert CEV,Tyrrell Ford,59
1972,Argentina,23 Jan 1972,Jackie StewartSTE,Tyrrell Ford,95
1972,South Africa,04 Mar 1972,Denny HulmeHUL,McLaren Ford,79
1972,Spain,1972-05-01,Emerson FittipaldiFIT,Lotus Ford,90
1972,Monaco,1972-05-14,Jean-Pierre BeltoiseBEL,BRM,80
1972,Belgium,04 Jun 1972,Emerson FittipaldiFIT,Lotus Ford,85
1972,France,02 Jul 1972,Jackie StewartSTE,Tyrrell Ford,38
1972,Great Britain,15 Jul 1972,Emerson FittipaldiFIT,Lotus Ford,76
1972,Germany,30 Jul 1972,Jacky IckxICK,Ferrari,14
1972,Austria,13 Aug 1972,Emerson FittipaldiFIT,Lotus Ford,54
1972,Italy,10 Sep 1972,Emerson FittipaldiFIT,Lotus Ford,55
1972,Canada,24 Sep 1972,Jackie StewartSTE,Tyrrell Ford,80
1972,United States,08 Oct 1972,Jackie StewartSTE,Tyrrell Ford,59
1973,Argentina,28 Jan 1973,Emerson FittipaldiFIT,Lotus Ford,96
1973,Brazil,11 Feb 1973,Emerson FittipaldiFIT,Lotus Ford,40
1973,South Africa,03 Mar 1973,Jackie StewartSTE,Tyrrell Ford,79
1973,Spain,29 Apr 1973,Emerson FittipaldiFIT,Lotus Ford,75
1973,Belgium,1973-05-20,Jackie StewartSTE,Tyrrell Ford,70
1973,Monaco,03 Jun 1973,Jackie StewartSTE,Tyrrell Ford,78
1973,Sweden,17 Jun 1973,Denny HulmeHUL,McLaren Ford,80
1973,France,01 Jul 1973,Ronnie PetersonPET,Lotus Ford,54
1973,Great Britain,14 Jul 1973,Peter   RevsonREV,McLaren Ford,67
1973,Netherlands,29 Jul 1973,Jackie StewartSTE,Tyrrell Ford,72
1973,Germany,05 Aug 1973,Jackie StewartSTE,Tyrrell Ford,14
1973,Austria,19 Aug 1973,Ronnie PetersonPET,Lotus Ford,54
1973,Italy,09 Sep 1973,Ronnie PetersonPET,Lotus Ford,55
1973,Canada,23 Sep 1973,Peter   RevsonREV,McLaren Ford,80
1973,United States,07 Oct 1973,Ronnie PetersonPET,Lotus Ford,59
1974,Argentina,13 Jan 1974,Denny HulmeHUL,McLaren Ford,53
1974,Brazil,27 Jan 1974,Emerson FittipaldiFIT,McLaren Ford,32
1974,South Africa,30 Mar 1974,Carlos ReutemannREU,Brabham Ford,78
1974,Spain,28 Apr 1974,Niki LaudaLAU,Ferrari,84
1974,Belgium,1974-05-12,Emerson FittipaldiFIT,McLaren Ford,85
1974,Monaco,1974-05-26,Ronnie PetersonPET,Lotus Ford,78
1974,Sweden,09 Jun 1974,Jody ScheckterSCH,Tyrrell Ford,80
1974,Netherlands,23 Jun 1974,Niki LaudaLAU,Ferrari,75
1974,France,07 Jul 1974,Ronnie PetersonPET,Lotus Ford,80
1974,Great Britain,20 Jul 1974,Jody ScheckterSCH,Tyrrell Ford,75
1974,Germany,04 Aug 1974,Clay RegazzoniREG,Ferrari,14
1974,Austria,18 Aug 1974,Carlos ReutemannREU,Brabham Ford,54
1974,Italy,08 Sep 1974,Ronnie PetersonPET,Lotus Ford,52
1974,Canada,22 Sep 1974,Emerson FittipaldiFIT,McLaren Ford,80
1974,United States,06 Oct 1974,Carlos ReutemannREU,Brabham Ford,59
1975,Argentina,12 Jan 1975,Emerson FittipaldiFIT,McLaren Ford,53
1975,Brazil,26 Jan 1975,Carlos PacePAC,Brabham Ford,40
1975,South Africa,01 Mar 1975,Jody ScheckterSCH,Tyrrell Ford,78
1975,Spain,27 Apr 1975,Jochen MassMAS,McLaren Ford,29
1975,Monaco,1975-05-11,Niki LaudaLAU,Ferrari,75
1975,Belgium,1975-05-25,Niki LaudaLAU,Ferrari,70
1975,Sweden,08 Jun 1975,Niki LaudaLAU,Ferrari,80
1975,Netherlands,22 Jun 1975,James HuntHUN,Hesketh Ford,75
1975,France,06 Jul 1975,Niki LaudaLAU,Ferrari,54
1975,Great Britain,19 Jul 1975,Emerson FittipaldiFIT,McLaren Ford,56
1975,Germany,03 Aug 1975,Carlos ReutemannREU,Brabham Ford,14
1975,Austria,17 Aug 1975,Vittorio BrambillaBRA,March Ford,29
1975,Italy,07 Sep 1975,Clay RegazzoniREG,Ferrari,52
1975,United States,05 Oct 1975,Niki LaudaLAU,Ferrari,59
1976,Brazil,25 Jan 1976,Niki LaudaLAU,Ferrari,40
1976,South Africa,06 Mar 1976,Niki LaudaLAU,Ferrari,78
1976,USA West,28 Mar 1976,Clay RegazzoniREG,Ferrari,80
1976,Spain,1976-05-02,James HuntHUN,McLaren Ford,75
1976,Belgium,1976-05-16,Niki LaudaLAU,Ferrari,70
1976,Monaco,1976-05-30,Niki LaudaLAU,Ferrari,78
1976,Sweden,13 Jun 1976,Jody ScheckterSCH,Tyrrell Ford,72
1976,France,04 Jul 1976,James HuntHUN,McLaren Ford,54
1976,Great Britain,18 Jul 1976,Niki LaudaLAU,Ferrari,76
1976,Germany,01 Aug 1976,James HuntHUN,McLaren Ford,14
1976,Austria,15 Aug 1976,John WatsonWAT,Penske Ford,54
1976,Netherlands,29 Aug 1976,James HuntHUN,McLaren Ford,75
1976,Italy,12 Sep 1976,Ronnie PetersonPET,March Ford,52
1976,Canada,03 Oct 1976,James HuntHUN,McLaren Ford,80
1976,USA East,10 Oct 1976,James HuntHUN,McLaren Ford,59
1976,Japan,24 Oct 1976,Mario AndrettiAND,Lotus Ford,73
1977,Argentina,09 Jan 1977,Jody ScheckterSCH,Wolf Ford,53
1977,Brazil,23 Jan 1977,Carlos ReutemannREU,Ferrari,40
1977,South Africa,05 Mar 1977,Niki LaudaLAU,Ferrari,78
1977,USA West,03 Apr 1977,Mario AndrettiAND,Lotus Ford,80
1977,Spain,1977-05-08,Mario AndrettiAND,Lotus Ford,75
1977,Monaco,1977-05-22,Jody ScheckterSCH,Wolf Ford,76
1977,Belgium,05 Jun 1977,Gunnar NilssonNIL,Lotus Ford,70
1977,Sweden,19 Jun 1977,Jacques LaffiteLAF,Ligier Matra,72
1977,France,03 Jul 1977,Mario AndrettiAND,Lotus Ford,80
1977,Great Britain,16 Jul 1977,James HuntHUN,McLaren Ford,68
1977,Germany,31 Jul 1977,Niki LaudaLAU,Ferrari,47
1977,Austria,14 Aug 1977,Alan  JonesJON,Shadow Ford,54
1977,Netherlands,28 Aug 1977,Niki LaudaLAU,Ferrari,75
1977,Italy,11 Sep 1977,Mario AndrettiAND,Lotus Ford,52
1977,USA East,02 Oct 1977,James HuntHUN,McLaren Ford,59
1977,Canada,09 Oct 1977,Jody ScheckterSCH,Wolf Ford,80
1977,Japan,23 Oct 1977,James HuntHUN,McLaren Ford,73
1978,Argentina,15 Jan 1978,Mario AndrettiAND,Lotus Ford,52
1978,Brazil,29 Jan 1978,Carlos ReutemannREU,Ferrari,63
1978,South Africa,04 Mar 1978,Ronnie PetersonPET,Lotus Ford,78
1978,USA West,02 Apr 1978,Carlos ReutemannREU,Ferrari,80
1978,Monaco,1978-05-07,Patrick DepaillerDEP,Tyrrell Ford,75
1978,Belgium,1978-05-21,Mario AndrettiAND,Lotus Ford,70
1978,Spain,04 Jun 1978,Mario AndrettiAND,Lotus Ford,75
1978,Sweden,17 Jun 1978,Niki LaudaLAU,Brabham Alfa Romeo,70
1978,France,02 Jul 1978,Mario AndrettiAND,Lotus Ford,54
1978,Great Britain,16 Jul 1978,Carlos ReutemannREU,Ferrari,76
1978,Germany,30 Jul 1978,Mario AndrettiAND,Lotus Ford,45
1978,Austria,13 Aug 1978,Ronnie PetersonPET,Lotus Ford,54
1978,Netherlands,27 Aug 1978,Mario AndrettiAND,Lotus Ford,75
1978,Italy,10 Sep 1978,Niki LaudaLAU,Brabham Alfa Romeo,40
1978,USA East,01 Oct 1978,Carlos ReutemannREU,Ferrari,59
1978,Canada,08 Oct 1978,Gilles VilleneuveVIL,Ferrari,70
1979,Argentina,21 Jan 1979,Jacques LaffiteLAF,Ligier Ford,53
1979,Brazil,04 Feb 1979,Jacques LaffiteLAF,Ligier Ford,40
1979,South Africa,03 Mar 1979,Gilles VilleneuveVIL,Ferrari,78
1979,USA West,08 Apr 1979,Gilles VilleneuveVIL,Ferrari,80
1979,Spain,29 Apr 1979,Patrick DepaillerDEP,Ligier Ford,75
1979,Belgium,1979-05-13,Jody ScheckterSCH,Ferrari,70
1979,Monaco,1979-05-27,Jody ScheckterSCH,Ferrari,76
1979,France,01 Jul 1979,Jean-Pierre JabouilleJAB,Renault,80
1979,Great Britain,14 Jul 1979,Clay RegazzoniREG,Williams Ford,68
1979,Germany,29 Jul 1979,Alan  JonesJON,Williams Ford,45
1979,Austria,12 Aug 1979,Alan  JonesJON,Williams Ford,54
1979,Netherlands,26 Aug 1979,Alan  JonesJON,Williams Ford,75
1979,Italy,09 Sep 1979,Jody ScheckterSCH,Ferrari,50
1979,Canada,30 Sep 1979,Alan  JonesJON,Williams Ford,72
1979,USA East,07 Oct 1979,Gilles VilleneuveVIL,Ferrari,59
1980,Argentina,13 Jan 1980,Alan  JonesJON,Williams Ford,53
1980,Brazil,27 Jan 1980,Rene ArnouxARN,Renault,40
1980,South Africa,01 Mar 1980,Rene ArnouxARN,Renault,78
1980,USA West,30 Mar 1980,Nelson PiquetPIQ,Brabham Ford,80
1980,Belgium,1980-05-04,Didier PironiPIR,Ligier Ford,72
1980,Monaco,1980-05-18,Carlos ReutemannREU,Williams Ford,76
1980,France,29 Jun 1980,Alan  JonesJON,Williams Ford,54
1980,Great Britain,13 Jul 1980,Alan  JonesJON,Williams Ford,76
1980,Germany,10 Aug 1980,Jacques LaffiteLAF,Ligier Ford,45
1980,Austria,17 Aug 1980,Jean-Pierre JabouilleJAB,Renault,54
1980,Netherlands,31 Aug 1980,Nelson PiquetPIQ,Brabham Ford,72
1980,Italy,14 Sep 1980,Nelson PiquetPIQ,Brabham Ford,60
1980,Canada,28 Sep 1980,Alan  JonesJON,Williams Ford,70
1980,USA East,05 Oct 1980,Alan  JonesJON,Williams Ford,59
1981,USA West,15 Mar 1981,Alan  JonesJON,Williams Ford,80
1981,Brazil,29 Mar 1981,Carlos ReutemannREU,Williams Ford,62
1981,Argentina,12 Apr 1981,Nelson PiquetPIQ,Brabham Ford,53
1981,San Marino,1981-05-03,Nelson PiquetPIQ,Brabham Ford,60
1981,Belgium,1981-05-17,Carlos ReutemannREU,Williams Ford,54
1981,Monaco,1981-05-31,Gilles VilleneuveVIL,Ferrari,76
1981,Spain,21 Jun 1981,Gilles VilleneuveVIL,Ferrari,80
1981,France,05 Jul 1981,Alain ProstPRO,Renault,80
1981,Great Britain,18 Jul 1981,John WatsonWAT,McLaren Ford,68
1981,Germany,02 Aug 1981,Nelson PiquetPIQ,Brabham Ford,45
1981,Austria,16 Aug 1981,Jacques LaffiteLAF,Ligier Matra,53
1981,Netherlands,30 Aug 1981,Alain ProstPRO,Renault,72
1981,Italy,13 Sep 1981,Alain ProstPRO,Renault,52
1981,Canada,27 Sep 1981,Jacques LaffiteLAF,Ligier Matra,63
1981,Caesar's Palace,17 Oct 1981,Alan  JonesJON,Williams Ford,75
1982,South Africa,23 Jan 1982,Alain ProstPRO,Renault,77
1982,Brazil,21 Mar 1982,Alain ProstPRO,Renault,63
1982,USA West,04 Apr 1982,Niki LaudaLAU,McLaren Ford,75
1982,San Marino,25 Apr 1982,Didier PironiPIR,Ferrari,60
1982,Belgium,1982-05-09,John WatsonWAT,McLaren Ford,70
1982,Monaco,1982-05-23,Riccardo PatresePAT,Brabham Ford,76
1982,Detroit,06 Jun 1982,John WatsonWAT,McLaren Ford,62
1982,Canada,13 Jun 1982,Nelson PiquetPIQ,Brabham BMW,70
1982,Netherlands,03 Jul 1982,Didier PironiPIR,Ferrari,72
1982,Great Britain,18 Jul 1982,Niki LaudaLAU,McLaren Ford,76
1982,France,25 Jul 1982,Rene ArnouxARN,Renault,54
1982,Germany,08 Aug 1982,Patrick TambayTAM,Ferrari,45
1982,Austria,15 Aug 1982,Elio de AngelisDEA,Lotus Ford,53
1982,Switzerland,29 Aug 1982,Keke RosbergROS,Williams Ford,80
1982,Italy,12 Sep 1982,Rene ArnouxARN,Renault,52
1982,Caesar's Palace,25 Sep 1982,Michele AlboretoALB,Tyrrell Ford,75
1983,Brazil,13 Mar 1983,Nelson PiquetPIQ,Brabham BMW,63
1983,USA West,27 Mar 1983,John WatsonWAT,McLaren Ford,75
1983,France,17 Apr 1983,Alain ProstPRO,Renault,54
1983,San Marino,1983-05-01,Patrick TambayTAM,Ferrari,60
1983,Monaco,1983-05-15,Keke RosbergROS,Williams Ford,76
1983,Belgium,1983-05-22,Alain ProstPRO,Renault,40
1983,Detroit,05 Jun 1983,Michele AlboretoALB,Tyrrell Ford,60
1983,Canada,12 Jun 1983,Rene ArnouxARN,Ferrari,70
1983,Great Britain,16 Jul 1983,Alain ProstPRO,Renault,67
1983,Germany,07 Aug 1983,Rene ArnouxARN,Ferrari,45
1983,Austria,14 Aug 1983,Alain ProstPRO,Renault,53
1983,Netherlands,28 Aug 1983,Rene ArnouxARN,Ferrari,72
1983,Italy,11 Sep 1983,Nelson PiquetPIQ,Brabham BMW,52
1983,Europe,25 Sep 1983,Nelson PiquetPIQ,Brabham BMW,76
1983,South Africa,15 Oct 1983,Riccardo PatresePAT,Brabham BMW,77
1984,Brazil,25 Mar 1984,Alain ProstPRO,McLaren TAG,61
1984,South Africa,07 Apr 1984,Niki LaudaLAU,McLaren TAG,75
1984,Belgium,29 Apr 1984,Michele AlboretoALB,Ferrari,70
1984,San Marino,1984-05-06,Alain ProstPRO,McLaren TAG,60
1984,France,1984-05-20,Niki LaudaLAU,McLaren TAG,79
1984,Monaco,03 Jun 1984,Alain ProstPRO,McLaren TAG,31
1984,Canada,17 Jun 1984,Nelson PiquetPIQ,Brabham BMW,70
1984,Detroit,24 Jun 1984,Nelson PiquetPIQ,Brabham BMW,63
1984,Dallas,08 Jul 1984,Keke RosbergROS,Williams Honda,67
1984,Great Britain,22 Jul 1984,Niki LaudaLAU,McLaren TAG,71
1984,Germany,05 Aug 1984,Alain ProstPRO,McLaren TAG,44
1984,Austria,19 Aug 1984,Niki LaudaLAU,McLaren TAG,51
1984,Netherlands,26 Aug 1984,Alain ProstPRO,McLaren TAG,71
1984,Italy,09 Sep 1984,Niki LaudaLAU,McLaren TAG,51
1984,Europe,07 Oct 1984,Alain ProstPRO,McLaren TAG,67
1984,Portugal,21 Oct 1984,Alain ProstPRO,McLaren TAG,70
1985,Brazil,07 Apr 1985,Alain ProstPRO,McLaren TAG,61
1985,Portugal,21 Apr 1985,Ayrton SennaSEN,Lotus Renault,67
1985,San Marino,1985-05-05,Elio de AngelisDEA,Lotus Renault,60
1985,Monaco,1985-05-19,Alain ProstPRO,McLaren TAG,78
1985,Canada,16 Jun 1985,Michele AlboretoALB,Ferrari,70
1985,Detroit,23 Jun 1985,Keke RosbergROS,Williams Honda,63
1985,France,07 Jul 1985,Nelson PiquetPIQ,Brabham BMW,53
1985,Great Britain,21 Jul 1985,Alain ProstPRO,McLaren TAG,65
1985,Germany,04 Aug 1985,Michele AlboretoALB,Ferrari,67
1985,Austria,18 Aug 1985,Alain ProstPRO,McLaren TAG,52
1985,Netherlands,25 Aug 1985,Niki LaudaLAU,McLaren TAG,70
1985,Italy,08 Sep 1985,Alain ProstPRO,McLaren TAG,51
1985,Belgium,15 Sep 1985,Ayrton SennaSEN,Lotus Renault,43
1985,Europe,06 Oct 1985,Nigel MansellMAN,Williams Honda,75
1985,South Africa,19 Oct 1985,Nigel MansellMAN,Williams Honda,75
1985,Australia,03 Nov 1985,Keke RosbergROS,Williams Honda,82
1986,Brazil,23 Mar 1986,Nelson PiquetPIQ,Williams Honda,61
1986,Spain,13 Apr 1986,Ayrton SennaSEN,Lotus Renault,72
1986,San Marino,27 Apr 1986,Alain ProstPRO,McLaren TAG,60
1986,Monaco,1986-05-11,Alain ProstPRO,McLaren TAG,78
1986,Belgium,1986-05-25,Nigel MansellMAN,Williams Honda,43
1986,Canada,15 Jun 1986,Nigel MansellMAN,Williams Honda,69
1986,Detroit,22 Jun 1986,Ayrton SennaSEN,Lotus Renault,63
1986,France,06 Jul 1986,Nigel MansellMAN,Williams Honda,80
1986,Great Britain,13 Jul 1986,Nigel MansellMAN,Williams Honda,75
1986,Germany,27 Jul 1986,Nelson PiquetPIQ,Williams Honda,44
1986,Hungary,10 Aug 1986,Nelson PiquetPIQ,Williams Honda,76
1986,Austria,17 Aug 1986,Alain ProstPRO,McLaren TAG,52
1986,Italy,07 Sep 1986,Nelson PiquetPIQ,Williams Honda,51
1986,Portugal,21 Sep 1986,Nigel MansellMAN,Williams Honda,70
1986,Mexico,12 Oct 1986,Gerhard BergerBER,Benetton BMW,68
1986,Australia,26 Oct 1986,Alain ProstPRO,McLaren TAG,82
1987,Brazil,12 Apr 1987,Alain ProstPRO,McLaren TAG,61
1987,San Marino,1987-05-03,Nigel MansellMAN,Williams Honda,59
1987,Belgium,1987-05-17,Alain ProstPRO,McLaren TAG,43
1987,Monaco,1987-05-31,Ayrton SennaSEN,Lotus Honda,78
1987,Detroit,21 Jun 1987,Ayrton SennaSEN,Lotus Honda,63
1987,France,05 Jul 1987,Nigel MansellMAN,Williams Honda,80
1987,Great Britain,12 Jul 1987,Nigel MansellMAN,Williams Honda,65
1987,Germany,26 Jul 1987,Nelson PiquetPIQ,Williams Honda,44
1987,Hungary,09 Aug 1987,Nelson PiquetPIQ,Williams Honda,76
1987,Austria,16 Aug 1987,Nigel MansellMAN,Williams Honda,52
1987,Italy,06 Sep 1987,Nelson PiquetPIQ,Williams Honda,50
1987,Portugal,20 Sep 1987,Alain ProstPRO,McLaren TAG,70
1987,Spain,27 Sep 1987,Nigel MansellMAN,Williams Honda,72
1987,Mexico,18 Oct 1987,Nigel MansellMAN,Williams Honda,63
1987,Japan,01 Nov 1987,Gerhard BergerBER,Ferrari,51
1987,Australia,15 Nov 1987,Gerhard BergerBER,Ferrari,82
1988,Brazil,03 Apr 1988,Alain ProstPRO,McLaren Honda,60
1988,San Marino,1988-05-01,Ayrton SennaSEN,McLaren Honda,60
1988,Monaco,1988-05-15,Alain ProstPRO,McLaren Honda,78
1988,Mexico,1988-05-29,Alain ProstPRO,McLaren Honda,67
1988,Canada,12 Jun 1988,Ayrton SennaSEN,McLaren Honda,69
1988,Detroit,19 Jun 1988,Ayrton SennaSEN,McLaren Honda,63
1988,France,03 Jul 1988,Alain ProstPRO,McLaren Honda,80
1988,Great Britain,10 Jul 1988,Ayrton SennaSEN,McLaren Honda,65
1988,Germany,24 Jul 1988,Ayrton SennaSEN,McLaren Honda,44
1988,Hungary,07 Aug 1988,Ayrton SennaSEN,McLaren Honda,76
1988,Belgium,28 Aug 1988,Ayrton SennaSEN,McLaren Honda,43
1988,Italy,11 Sep 1988,Gerhard BergerBER,Ferrari,51
1988,Portugal,25 Sep 1988,Alain ProstPRO,McLaren Honda,70
1988,Spain,02 Oct 1988,Alain ProstPRO,McLaren Honda,72
1988,Japan,30 Oct 1988,Ayrton SennaSEN,McLaren Honda,51
1988,Australia,13 Nov 1988,Alain ProstPRO,McLaren Honda,82
1989,Brazil,26 Mar 1989,Nigel MansellMAN,Ferrari,61
1989,San Marino,23 Apr 1989,Ayrton SennaSEN,McLaren Honda,58
1989,Monaco,1989-05-07,Ayrton SennaSEN,McLaren Honda,77
1989,Mexico,1989-05-28,Ayrton SennaSEN,McLaren Honda,69
1989,United States,04 Jun 1989,Alain ProstPRO,McLaren Honda,75
1989,Canada,18 Jun 1989,Thierry BoutsenBOU,Williams Renault,69
1989,France,09 Jul 1989,Alain ProstPRO,McLaren Honda,80
1989,Great Britain,16 Jul 1989,Alain ProstPRO,McLaren Honda,64
1989,Germany,30 Jul 1989,Ayrton SennaSEN,McLaren Honda,45
1989,Hungary,13 Aug 1989,Nigel MansellMAN,Ferrari,77
1989,Belgium,27 Aug 1989,Ayrton SennaSEN,McLaren Honda,44
1989,Italy,10 Sep 1989,Alain ProstPRO,McLaren Honda,53
1989,Portugal,24 Sep 1989,Gerhard BergerBER,Ferrari,71
1989,Spain,01 Oct 1989,Ayrton SennaSEN,McLaren Honda,72
1989,Japan,22 Oct 1989,Alessandro NanniniNAN,Benetton Ford,53
1989,Australia,05 Nov 1989,Thierry BoutsenBOU,Williams Renault,70
1990,United States,11 Mar 1990,Ayrton SennaSEN,McLaren Honda,72
1990,Brazil,25 Mar 1990,Alain ProstPRO,Ferrari,71
1990,San Marino,1990-05-13,Riccardo PatresePAT,Williams Renault,61
1990,Monaco,1990-05-27,Ayrton SennaSEN,McLaren Honda,78
1990,Canada,10 Jun 1990,Ayrton SennaSEN,McLaren Honda,70
1990,Mexico,24 Jun 1990,Alain ProstPRO,Ferrari,69
1990,France,08 Jul 1990,Alain ProstPRO,Ferrari,80
1990,Great Britain,15 Jul 1990,Alain ProstPRO,Ferrari,64
1990,Germany,29 Jul 1990,Ayrton SennaSEN,McLaren Honda,45
1990,Hungary,12 Aug 1990,Thierry BoutsenBOU,Williams Renault,77
1990,Belgium,26 Aug 1990,Ayrton SennaSEN,McLaren Honda,44
1990,Italy,09 Sep 1990,Ayrton SennaSEN,McLaren Honda,53
1990,Portugal,23 Sep 1990,Nigel MansellMAN,Ferrari,61
1990,Spain,30 Sep 1990,Alain ProstPRO,Ferrari,73
1990,Japan,21 Oct 1990,Nelson PiquetPIQ,Benetton Ford,53
1990,Australia,04 Nov 1990,Nelson PiquetPIQ,Benetton Ford,81
1991,United States,10 Mar 1991,Ayrton SennaSEN,McLaren Honda,81
1991,Brazil,24 Mar 1991,Ayrton SennaSEN,McLaren Honda,71
1991,San Marino,28 Apr 1991,Ayrton SennaSEN,McLaren Honda,61
1991,Monaco,1991-05-12,Ayrton SennaSEN,McLaren Honda,78
1991,Canada,02 Jun 1991,Nelson PiquetPIQ,Benetton Ford,69
1991,Mexico,16 Jun 1991,Riccardo PatresePAT,Williams Renault,67
1991,France,07 Jul 1991,Nigel MansellMAN,Williams Renault,72
1991,Great Britain,14 Jul 1991,Nigel MansellMAN,Williams Renault,59
1991,Germany,28 Jul 1991,Nigel MansellMAN,Williams Renault,45
1991,Hungary,11 Aug 1991,Ayrton SennaSEN,McLaren Honda,77
1991,Belgium,25 Aug 1991,Ayrton SennaSEN,McLaren Honda,44
1991,Italy,08 Sep 1991,Nigel MansellMAN,Williams Renault,53
1991,Portugal,22 Sep 1991,Riccardo PatresePAT,Williams Renault,71
1991,Spain,29 Sep 1991,Nigel MansellMAN,Williams Renault,65
1991,Japan,20 Oct 1991,Gerhard BergerBER,McLaren Honda,53
1991,Australia,03 Nov 1991,Ayrton SennaSEN,McLaren Honda,14
1992,South Africa,01 Mar 1992,Nigel MansellMAN,Williams Renault,72
1992,Mexico,22 Mar 1992,Nigel MansellMAN,Williams Renault,69
1992,Brazil,05 Apr 1992,Nigel MansellMAN,Williams Renault,71
1992,Spain,1992-05-03,Nigel MansellMAN,Williams Renault,65
1992,San Marino,1992-05-17,Nigel MansellMAN,Williams Renault,60
1992,Monaco,1992-05-31,Ayrton SennaSEN,McLaren Honda,78
1992,Canada,14 Jun 1992,Gerhard BergerBER,McLaren Honda,69
1992,France,05 Jul 1992,Nigel MansellMAN,Williams Renault,69
1992,Great Britain,12 Jul 1992,Nigel MansellMAN,Williams Renault,59
1992,Germany,26 Jul 1992,Nigel MansellMAN,Williams Renault,45
1992,Hungary,16 Aug 1992,Ayrton SennaSEN,McLaren Honda,77
1992,Belgium,30 Aug 1992,Michael SchumacherMSC,Benetton Ford,44
1992,Italy,13 Sep 1992,Ayrton SennaSEN,McLaren Honda,53
1992,Portugal,27 Sep 1992,Nigel MansellMAN,Williams Renault,71
1992,Japan,25 Oct 1992,Riccardo PatresePAT,Williams Renault,53
1992,Australia,08 Nov 1992,Gerhard BergerBER,McLaren Honda,82
1993,South Africa,14 Mar 1993,Alain ProstPRO,Williams Renault,72
1993,Brazil,28 Mar 1993,Ayrton SennaSEN,McLaren Ford,71
1993,Europe,11 Apr 1993,Ayrton SennaSEN,McLaren Ford,76
1993,San Marino,25 Apr 1993,Alain ProstPRO,Williams Renault,61
1993,Spain,1993-05-09,Alain ProstPRO,Williams Renault,65
1993,Monaco,1993-05-23,Ayrton SennaSEN,McLaren Ford,78
1993,Canada,13 Jun 1993,Alain ProstPRO,Williams Renault,69
1993,France,04 Jul 1993,Alain ProstPRO,Williams Renault,72
1993,Great Britain,11 Jul 1993,Alain ProstPRO,Williams Renault,59
1993,Germany,25 Jul 1993,Alain ProstPRO,Williams Renault,45
1993,Hungary,15 Aug 1993,Damon HillHIL,Williams Renault,77
1993,Belgium,29 Aug 1993,Damon HillHIL,Williams Renault,44
1993,Italy,12 Sep 1993,Damon HillHIL,Williams Renault,53
1993,Portugal,26 Sep 1993,Michael SchumacherMSC,Benetton Ford,71
1993,Japan,24 Oct 1993,Ayrton SennaSEN,McLaren Ford,53
1993,Australia,07 Nov 1993,Ayrton SennaSEN,McLaren Ford,79
1994,Brazil,27 Mar 1994,Michael SchumacherMSC,Benetton Ford,71
1994,Pacific,17 Apr 1994,Michael SchumacherMSC,Benetton Ford,83
1994,San Marino,1994-05-01,Michael SchumacherMSC,Benetton Ford,58
1994,Monaco,1994-05-15,Michael SchumacherMSC,Benetton Ford,78
1994,Spain,1994-05-29,Damon HillHIL,Williams Renault,65
1994,Canada,12 Jun 1994,Michael SchumacherMSC,Benetton Ford,69
1994,France,03 Jul 1994,Michael SchumacherMSC,Benetton Ford,72
1994,Great Britain,10 Jul 1994,Damon HillHIL,Williams Renault,60
1994,Germany,31 Jul 1994,Gerhard BergerBER,Ferrari,45
1994,Hungary,14 Aug 1994,Michael SchumacherMSC,Benetton Ford,77
1994,Belgium,28 Aug 1994,Damon HillHIL,Williams Renault,44
1994,Italy,11 Sep 1994,Damon HillHIL,Williams Renault,53
1994,Portugal,25 Sep 1994,Damon HillHIL,Williams Renault,71
1994,Europe,16 Oct 1994,Michael SchumacherMSC,Benetton Ford,69
1994,Japan,06 Nov 1994,Damon HillHIL,Williams Renault,50
1994,Australia,13 Nov 1994,Nigel MansellMAN,Williams Renault,81
1995,Brazil,26 Mar 1995,Michael SchumacherMSC,Benetton Renault,71
1995,Argentina,09 Apr 1995,Damon HillHIL,Williams Renault,71
1995,San Marino,30 Apr 1995,Damon HillHIL,Williams Renault,63
1995,Spain,1995-05-14,Michael SchumacherMSC,Benetton Renault,65
1995,Monaco,1995-05-28,Michael SchumacherMSC,Benetton Renault,78
1995,Canada,11 Jun 1995,Jean AlesiALE,Ferrari,69
1995,France,02 Jul 1995,Michael SchumacherMSC,Benetton Renault,72
1995,Great Britain,16 Jul 1995,Johnny HerbertHER,Benetton Renault,61
1995,Germany,30 Jul 1995,Michael SchumacherMSC,Benetton Renault,45
1995,Hungary,13 Aug 1995,Damon HillHIL,Williams Renault,77
1995,Belgium,27 Aug 1995,Michael SchumacherMSC,Benetton Renault,44
1995,Italy,10 Sep 1995,Johnny HerbertHER,Benetton Renault,53
1995,Portugal,24 Sep 1995,David CoulthardCOU,Williams Renault,71
1995,Europe,01 Oct 1995,Michael SchumacherMSC,Benetton Renault,67
1995,Pacific,22 Oct 1995,Michael SchumacherMSC,Benetton Renault,83
1995,Japan,29 Oct 1995,Michael SchumacherMSC,Benetton Renault,53
1995,Australia,12 Nov 1995,Damon HillHIL,Williams Renault,81
1996,Australia,10 Mar 1996,Damon HillHIL,Williams Renault,58
1996,Brazil,31 Mar 1996,Damon HillHIL,Williams Renault,71
1996,Argentina,07 Apr 1996,Damon HillHIL,Williams Renault,72
1996,Europe,28 Apr 1996,Jacques VilleneuveVIL,Williams Renault,67
1996,San Marino,1996-05-05,Damon HillHIL,Williams Renault,63
1996,Monaco,1996-05-19,Olivier PanisPAN,Ligier Mugen Honda,75
1996,Spain,02 Jun 1996,Michael SchumacherMSC,Ferrari,65
1996,Canada,16 Jun 1996,Damon HillHIL,Williams Renault,69
1996,France,30 Jun 1996,Damon HillHIL,Williams Renault,72
1996,Great Britain,14 Jul 1996,Jacques VilleneuveVIL,Williams Renault,61
1996,Germany,28 Jul 1996,Damon HillHIL,Williams Renault,45
1996,Hungary,11 Aug 1996,Jacques VilleneuveVIL,Williams Renault,77
1996,Belgium,25 Aug 1996,Michael SchumacherMSC,Ferrari,44
1996,Italy,08 Sep 1996,Michael SchumacherMSC,Ferrari,53
1996,Portugal,22 Sep 1996,Jacques VilleneuveVIL,Williams Renault,70
1996,Japan,13 Oct 1996,Damon HillHIL,Williams Renault,52
1997,Australia,09 Mar 1997,David CoulthardCOU,McLaren Mercedes,58
1997,Brazil,30 Mar 1997,Jacques VilleneuveVIL,Williams Renault,72
1997,Argentina,13 Apr 1997,Jacques VilleneuveVIL,Williams Renault,72
1997,San Marino,27 Apr 1997,Heinz-Harald FrentzenFRE,Williams Renault,62
1997,Monaco,1997-05-11,Michael SchumacherMSC,Ferrari,62
1997,Spain,1997-05-25,Jacques VilleneuveVIL,Williams Renault,64
1997,Canada,15 Jun 1997,Michael SchumacherMSC,Ferrari,54
1997,France,29 Jun 1997,Michael SchumacherMSC,Ferrari,72
1997,Great Britain,13 Jul 1997,Jacques VilleneuveVIL,Williams Renault,59
1997,Germany,27 Jul 1997,Gerhard BergerBER,Benetton Renault,45
1997,Hungary,10 Aug 1997,Jacques VilleneuveVIL,Williams Renault,77
1997,Belgium,24 Aug 1997,Michael SchumacherMSC,Ferrari,44
1997,Italy,07 Sep 1997,David CoulthardCOU,McLaren Mercedes,53
1997,Austria,21 Sep 1997,Jacques VilleneuveVIL,Williams Renault,71
1997,Luxembourg,28 Sep 1997,Jacques VilleneuveVIL,Williams Renault,67
1997,Japan,12 Oct 1997,Michael SchumacherMSC,Ferrari,53
1997,Europe,26 Oct 1997,Mika HakkinenHAK,McLaren Mercedes,69
1998,Australia,08 Mar 1998,Mika HakkinenHAK,McLaren Mercedes,58
1998,Brazil,29 Mar 1998,Mika HakkinenHAK,McLaren Mercedes,72
1998,Argentina,12 Apr 1998,Michael SchumacherMSC,Ferrari,72
1998,San Marino,26 Apr 1998,David CoulthardCOU,McLaren Mercedes,62
1998,Spain,1998-05-10,Mika HakkinenHAK,McLaren Mercedes,65
1998,Monaco,1998-05-24,Mika HakkinenHAK,McLaren Mercedes,78
1998,Canada,07 Jun 1998,Michael SchumacherMSC,Ferrari,69
1998,France,28 Jun 1998,Michael SchumacherMSC,Ferrari,71
1998,Great Britain,12 Jul 1998,Michael SchumacherMSC,Ferrari,60
1998,Austria,26 Jul 1998,Mika HakkinenHAK,McLaren Mercedes,71
1998,Germany,02 Aug 1998,Mika HakkinenHAK,McLaren Mercedes,45
1998,Hungary,16 Aug 1998,Michael SchumacherMSC,Ferrari,77
1998,Belgium,30 Aug 1998,Damon HillHIL,Jordan Mugen Honda,44
1998,Italy,13 Sep 1998,Michael SchumacherMSC,Ferrari,53
1998,Luxembourg,27 Sep 1998,Mika HakkinenHAK,McLaren Mercedes,67
1998,Japan,01 Nov 1998,Mika HakkinenHAK,McLaren Mercedes,51
1999,Australia,07 Mar 1999,Eddie IrvineIRV,Ferrari,57
1999,Brazil,11 Apr 1999,Mika HakkinenHAK,McLaren Mercedes,72
1999,San Marino,1999-05-02,Michael SchumacherMSC,Ferrari,62
1999,Monaco,1999-05-16,Michael SchumacherMSC,Ferrari,78
1999,Spain,1999-05-30,Mika HakkinenHAK,McLaren Mercedes,65
1999,Canada,13 Jun 1999,Mika HakkinenHAK,McLaren Mercedes,69
1999,France,27 Jun 1999,Heinz-Harald FrentzenFRE,Jordan Mugen Honda,72
1999,Great Britain,11 Jul 1999,David CoulthardCOU,McLaren Mercedes,60
1999,Austria,25 Jul 1999,Eddie IrvineIRV,Ferrari,71
1999,Germany,01 Aug 1999,Eddie IrvineIRV,Ferrari,45
1999,Hungary,15 Aug 1999,Mika HakkinenHAK,McLaren Mercedes,77
1999,Belgium,29 Aug 1999,David CoulthardCOU,McLaren Mercedes,44
1999,Italy,12 Sep 1999,Heinz-Harald FrentzenFRE,Jordan Mugen Honda,53
1999,Europe,26 Sep 1999,Johnny HerbertHER,Stewart Ford,66
1999,Malaysia,17 Oct 1999,Eddie IrvineIRV,Ferrari,56
1999,Japan,31 Oct 1999,Mika HakkinenHAK,McLaren Mercedes,53
2000,Australia,12 Mar 2000,Michael SchumacherMSC,Ferrari,58
2000,Brazil,26 Mar 2000,Michael SchumacherMSC,Ferrari,71
2000,San Marino,09 Apr 2000,Michael SchumacherMSC,Ferrari,62
2000,Great Britain,23 Apr 2000,David CoulthardCOU,McLaren Mercedes,60
2000,Spain,2000-05-07,Mika HakkinenHAK,McLaren Mercedes,65
2000,Europe,2000-05-21,Michael SchumacherMSC,Ferrari,67
2000,Monaco,04 Jun 2000,David CoulthardCOU,McLaren Mercedes,78
2000,Canada,18 Jun 2000,Michael SchumacherMSC,Ferrari,69
2000,France,02 Jul 2000,David CoulthardCOU,McLaren Mercedes,72
2000,Austria,16 Jul 2000,Mika HakkinenHAK,McLaren Mercedes,71
2000,Germany,30 Jul 2000,Rubens BarrichelloBAR,Ferrari,45
2000,Hungary,13 Aug 2000,Mika HakkinenHAK,McLaren Mercedes,77
2000,Belgium,27 Aug 2000,Mika HakkinenHAK,McLaren Mercedes,44
2000,Italy,10 Sep 2000,Michael SchumacherMSC,Ferrari,53
2000,United States,24 Sep 2000,Michael SchumacherMSC,Ferrari,73
2000,Japan,08 Oct 2000,Michael SchumacherMSC,Ferrari,53
2000,Malaysia,22 Oct 2000,Michael SchumacherMSC,Ferrari,56
2001,Australia,04 Mar 2001,Michael SchumacherMSC,Ferrari,58
2001,Malaysia,18 Mar 2001,Michael SchumacherMSC,Ferrari,55
2001,Brazil,01 Apr 2001,David CoulthardCOU,McLaren Mercedes,71
2001,San Marino,15 Apr 2001,Ralf SchumacherRSC,Williams BMW,62
2001,Spain,29 Apr 2001,Michael SchumacherMSC,Ferrari,65
2001,Austria,2001-05-13,David CoulthardCOU,McLaren Mercedes,71
2001,Monaco,2001-05-27,Michael SchumacherMSC,Ferrari,78
2001,Canada,10 Jun 2001,Ralf SchumacherRSC,Williams BMW,69
2001,Europe,24 Jun 2001,Michael SchumacherMSC,Ferrari,67
2001,France,01 Jul 2001,Michael SchumacherMSC,Ferrari,72
2001,Great Britain,15 Jul 2001,Mika HakkinenHAK,McLaren Mercedes,60
2001,Germany,29 Jul 2001,Ralf SchumacherRSC,Williams BMW,45
2001,Hungary,19 Aug 2001,Michael SchumacherMSC,Ferrari,77
2001,Belgium,02 Sep 2001,Michael SchumacherMSC,Ferrari,36
2001,Italy,16 Sep 2001,Juan Pablo MontoyaMOY,Williams BMW,53
2001,United States,30 Sep 2001,Mika HakkinenHAK,McLaren Mercedes,73
2001,Japan,14 Oct 2001,Michael SchumacherMSC,Ferrari,53
2002,Australia,03 Mar 2002,Michael SchumacherMSC,Ferrari,58
2002,Malaysia,17 Mar 2002,Ralf SchumacherRSC,Williams BMW,56
2002,Brazil,31 Mar 2002,Michael SchumacherMSC,Ferrari,71
2002,San Marino,14 Apr 2002,Michael SchumacherMSC,Ferrari,62
2002,Spain,28 Apr 2002,Michael SchumacherMSC,Ferrari,65
2002,Austria,2002-05-12,Michael SchumacherMSC,Ferrari,71
2002,Monaco,2002-05-26,David CoulthardCOU,McLaren Mercedes,78
2002,Canada,09 Jun 2002,Michael SchumacherMSC,Ferrari,70
2002,Europe,23 Jun 2002,Rubens BarrichelloBAR,Ferrari,60
2002,Great Britain,07 Jul 2002,Michael SchumacherMSC,Ferrari,60
2002,France,21 Jul 2002,Michael SchumacherMSC,Ferrari,72
2002,Germany,28 Jul 2002,Michael SchumacherMSC,Ferrari,67
2002,Hungary,18 Aug 2002,Rubens BarrichelloBAR,Ferrari,77
2002,Belgium,01 Sep 2002,Michael SchumacherMSC,Ferrari,44
2002,Italy,15 Sep 2002,Rubens BarrichelloBAR,Ferrari,53
2002,United States,29 Sep 2002,Rubens BarrichelloBAR,Ferrari,73
2002,Japan,13 Oct 2002,Michael SchumacherMSC,Ferrari,53
2003,Australia,09 Mar 2003,David CoulthardCOU,McLaren Mercedes,58
2003,Malaysia,23 Mar 2003,Kimi RäikkönenRAI,McLaren Mercedes,56
2003,Brazil,06 Apr 2003,Giancarlo FisichellaFIS,Jordan Ford,54
2003,San Marino,20 Apr 2003,Michael SchumacherMSC,Ferrari,62
2003,Spain,2003-05-04,Michael SchumacherMSC,Ferrari,65
2003,Austria,2003-05-18,Michael SchumacherMSC,Ferrari,69
2003,Monaco,01 Jun 2003,Juan Pablo MontoyaMOY,Williams BMW,78
2003,Canada,15 Jun 2003,Michael SchumacherMSC,Ferrari,70
2003,Europe,29 Jun 2003,Ralf SchumacherRSC,Williams BMW,60
2003,France,06 Jul 2003,Ralf SchumacherRSC,Williams BMW,70
2003,Great Britain,20 Jul 2003,Rubens BarrichelloBAR,Ferrari,60
2003,Germany,03 Aug 2003,Juan Pablo MontoyaMOY,Williams BMW,67
2003,Hungary,24 Aug 2003,Fernando AlonsoALO,Renault,70
2003,Italy,14 Sep 2003,Michael SchumacherMSC,Ferrari,53
2003,United States,28 Sep 2003,Michael SchumacherMSC,Ferrari,73
2003,Japan,12 Oct 2003,Rubens BarrichelloBAR,Ferrari,53
2004,Australia,07 Mar 2004,Michael SchumacherMSC,Ferrari,58
2004,Malaysia,21 Mar 2004,Michael SchumacherMSC,Ferrari,56
2004,Bahrain,04 Apr 2004,Michael SchumacherMSC,Ferrari,57
2004,San Marino,25 Apr 2004,Michael SchumacherMSC,Ferrari,62
2004,Spain,2004-05-09,Michael SchumacherMSC,Ferrari,66
2004,Monaco,2004-05-23,Jarno TrulliTRU,Renault,77
2004,Europe,2004-05-30,Michael SchumacherMSC,Ferrari,60
2004,Canada,13 Jun 2004,Michael SchumacherMSC,Ferrari,70
2004,United States,20 Jun 2004,Michael SchumacherMSC,Ferrari,73
2004,France,04 Jul 2004,Michael SchumacherMSC,Ferrari,70
2004,Great Britain,11 Jul 2004,Michael SchumacherMSC,Ferrari,60
2004,Germany,25 Jul 2004,Michael SchumacherMSC,Ferrari,66
2004,Hungary,15 Aug 2004,Michael SchumacherMSC,Ferrari,70
2004,Belgium,29 Aug 2004,Kimi RäikkönenRAI,McLaren Mercedes,44
2004,Italy,12 Sep 2004,Rubens BarrichelloBAR,Ferrari,53
2004,China,26 Sep 2004,Rubens BarrichelloBAR,Ferrari,56
2004,Japan,10 Oct 2004,Michael SchumacherMSC,Ferrari,53
2004,Brazil,24 Oct 2004,Juan Pablo MontoyaMOY,Williams BMW,71
2005,Australia,06 Mar 2005,Giancarlo FisichellaFIS,Renault,57
2005,Malaysia,20 Mar 2005,Fernando AlonsoALO,Renault,56
2005,Bahrain,03 Apr 2005,Fernando AlonsoALO,Renault,57
2005,San Marino,24 Apr 2005,Fernando AlonsoALO,Renault,62
2005,Spain,2005-05-08,Kimi RäikkönenRAI,McLaren Mercedes,66
2005,Monaco,2005-05-22,Kimi RäikkönenRAI,McLaren Mercedes,78
2005,Europe,2005-05-29,Fernando AlonsoALO,Renault,59
2005,Canada,12 Jun 2005,Kimi RäikkönenRAI,McLaren Mercedes,70
2005,United States,19 Jun 2005,Michael SchumacherMSC,Ferrari,73
2005,France,03 Jul 2005,Fernando AlonsoALO,Renault,70
2005,Great Britain,10 Jul 2005,Juan Pablo MontoyaMOY,McLaren Mercedes,60
2005,Germany,24 Jul 2005,Fernando AlonsoALO,Renault,67
2005,Hungary,31 Jul 2005,Kimi RäikkönenRAI,McLaren Mercedes,70
2005,Turkey,21 Aug 2005,Kimi RäikkönenRAI,McLaren Mercedes,58
2005,Italy,04 Sep 2005,Juan Pablo MontoyaMOY,McLaren Mercedes,53
2005,Belgium,11 Sep 2005,Kimi RäikkönenRAI,McLaren Mercedes,44
2005,Brazil,25 Sep 2005,Juan Pablo MontoyaMOY,McLaren Mercedes,71
2005,Japan,09 Oct 2005,Kimi RäikkönenRAI,McLaren Mercedes,53
2005,China,16 Oct 2005,Fernando AlonsoALO,Renault,56
2006,Bahrain,12 Mar 2006,Fernando AlonsoALO,Renault,57
2006,Malaysia,19 Mar 2006,Giancarlo FisichellaFIS,Renault,56
2006,Australia,02 Apr 2006,Fernando AlonsoALO,Renault,57
2006,San Marino,23 Apr 2006,Michael SchumacherMSC,Ferrari,62
2006,Europe,2006-05-07,Michael SchumacherMSC,Ferrari,60
2006,Spain,2006-05-14,Fernando AlonsoALO,Renault,66
2006,Monaco,2006-05-28,Fernando AlonsoALO,Renault,78
2006,Great Britain,11 Jun 2006,Fernando AlonsoALO,Renault,60
2006,Canada,25 Jun 2006,Fernando AlonsoALO,Renault,70
2006,United States,02 Jul 2006,Michael SchumacherMSC,Ferrari,73
2006,France,16 Jul 2006,Michael SchumacherMSC,Ferrari,70
2006,Germany,30 Jul 2006,Michael SchumacherMSC,Ferrari,67
2006,Hungary,06 Aug 2006,Jenson ButtonBUT,Honda,70
2006,Turkey,27 Aug 2006,Felipe MassaMAS,Ferrari,58
2006,Italy,10 Sep 2006,Michael SchumacherMSC,Ferrari,53
2006,China,01 Oct 2006,Michael SchumacherMSC,Ferrari,56
2006,Japan,08 Oct 2006,Fernando AlonsoALO,Renault,53
2006,Brazil,22 Oct 2006,Felipe MassaMAS,Ferrari,71
2007,Australia,18 Mar 2007,Kimi RäikkönenRAI,Ferrari,58
2007,Malaysia,08 Apr 2007,Fernando AlonsoALO,McLaren Mercedes,56
2007,Bahrain,15 Apr 2007,Felipe MassaMAS,Ferrari,57
2007,Spain,2007-05-13,Felipe MassaMAS,Ferrari,65
2007,Monaco,2007-05-27,Fernando AlonsoALO,McLaren Mercedes,78
2007,Canada,10 Jun 2007,Lewis HamiltonHAM,McLaren Mercedes,70
2007,United States,17 Jun 2007,Lewis HamiltonHAM,McLaren Mercedes,73
2007,France,01 Jul 2007,Kimi RäikkönenRAI,Ferrari,70
2007,Great Britain,08 Jul 2007,Kimi RäikkönenRAI,Ferrari,59
2007,Europe,22 Jul 2007,Fernando AlonsoALO,McLaren Mercedes,60
2007,Hungary,05 Aug 2007,Lewis HamiltonHAM,McLaren Mercedes,70
2007,Turkey,26 Aug 2007,Felipe MassaMAS,Ferrari,58
2007,Italy,09 Sep 2007,Fernando AlonsoALO,McLaren Mercedes,53
2007,Belgium,16 Sep 2007,Kimi RäikkönenRAI,Ferrari,44
2007,Japan,30 Sep 2007,Lewis HamiltonHAM,McLaren Mercedes,67
2007,China,07 Oct 2007,Kimi RäikkönenRAI,Ferrari,56
2007,Brazil,21 Oct 2007,Kimi RäikkönenRAI,Ferrari,71
2008,Australia,16 Mar 2008,Lewis HamiltonHAM,McLaren Mercedes,58
2008,Malaysia,23 Mar 2008,Kimi RäikkönenRAI,Ferrari,56
2008,Bahrain,06 Apr 2008,Felipe MassaMAS,Ferrari,57
2008,Spain,27 Apr 2008,Kimi RäikkönenRAI,Ferrari,66
2008,Turkey,2008-05-11,Felipe MassaMAS,Ferrari,58
2008,Monaco,2008-05-25,Lewis HamiltonHAM,McLaren Mercedes,76
2008,Canada,08 Jun 2008,Robert KubicaKUB,Sauber BMW,70
2008,France,22 Jun 2008,Felipe MassaMAS,Ferrari,70
2008,Great Britain,06 Jul 2008,Lewis HamiltonHAM,McLaren Mercedes,60
2008,Germany,20 Jul 2008,Lewis HamiltonHAM,McLaren Mercedes,67
2008,Hungary,03 Aug 2008,Heikki KovalainenKOV,McLaren Mercedes,70
2008,Europe,24 Aug 2008,Felipe MassaMAS,Ferrari,57
2008,Belgium,07 Sep 2008,Felipe MassaMAS,Ferrari,44
2008,Italy,14 Sep 2008,Sebastian VettelVET,STR Ferrari,53
2008,Singapore,28 Sep 2008,Fernando AlonsoALO,Renault,61
2008,Japan,12 Oct 2008,Fernando AlonsoALO,Renault,67
2008,China,19 Oct 2008,Lewis HamiltonHAM,McLaren Mercedes,56
2008,Brazil,02 Nov 2008,Felipe MassaMAS,Ferrari,71
2009,Australia,29 Mar 2009,Jenson ButtonBUT,Brawn Mercedes,58
2009,Malaysia,05 Apr 2009,Jenson ButtonBUT,Brawn Mercedes,31
2009,China,19 Apr 2009,Sebastian VettelVET,RBR Renault,56
2009,Bahrain,26 Apr 2009,Jenson ButtonBUT,Brawn Mercedes,57
2009,Spain,2009-05-10,Jenson ButtonBUT,Brawn Mercedes,66
2009,Monaco,2009-05-24,Jenson ButtonBUT,Brawn Mercedes,78
2009,Turkey,07 Jun 2009,Jenson ButtonBUT,Brawn Mercedes,58
2009,Great Britain,21 Jun 2009,Sebastian VettelVET,RBR Renault,60
2009,Germany,12 Jul 2009,Mark WebberWEB,RBR Renault,60
2009,Hungary,26 Jul 2009,Lewis HamiltonHAM,McLaren Mercedes,70
2009,Europe,23 Aug 2009,Rubens BarrichelloBAR,Brawn Mercedes,57
2009,Belgium,30 Aug 2009,Kimi RäikkönenRAI,Ferrari,44
2009,Italy,13 Sep 2009,Rubens BarrichelloBAR,Brawn Mercedes,53
2009,Singapore,27 Sep 2009,Lewis HamiltonHAM,McLaren Mercedes,61
2009,Japan,04 Oct 2009,Sebastian VettelVET,RBR Renault,53
2009,Brazil,18 Oct 2009,Mark WebberWEB,RBR Renault,71
2009,Abu Dhabi,01 Nov 2009,Sebastian VettelVET,RBR Renault,55
2010,Bahrain,14 Mar 2010,Fernando AlonsoALO,Ferrari,49
2010,Australia,28 Mar 2010,Jenson ButtonBUT,McLaren Mercedes,58
2010,Malaysia,04 Apr 2010,Sebastian VettelVET,RBR Renault,56
2010,China,18 Apr 2010,Jenson ButtonBUT,McLaren Mercedes,56
2010,Spain,2010-05-09,Mark WebberWEB,RBR Renault,66
2010,Monaco,2010-05-16,Mark WebberWEB,RBR Renault,78
2010,Turkey,2010-05-30,Lewis HamiltonHAM,McLaren Mercedes,58
2010,Canada,13 Jun 2010,Lewis HamiltonHAM,McLaren Mercedes,70
2010,Europe,27 Jun 2010,Sebastian VettelVET,RBR Renault,57
2010,Great Britain,11 Jul 2010,Mark WebberWEB,RBR Renault,52
2010,Germany,25 Jul 2010,Fernando AlonsoALO,Ferrari,67
2010,Hungary,01 Aug 2010,Mark WebberWEB,RBR Renault,70
2010,Belgium,29 Aug 2010,Lewis HamiltonHAM,McLaren Mercedes,44
2010,Italy,12 Sep 2010,Fernando AlonsoALO,Ferrari,53
2010,Singapore,26 Sep 2010,Fernando AlonsoALO,Ferrari,61
2010,Japan,10 Oct 2010,Sebastian VettelVET,RBR Renault,53
2010,South Korea,24 Oct 2010,Fernando AlonsoALO,Ferrari,55
2010,Brazil,07 Nov 2010,Sebastian VettelVET,RBR Renault,71
2010,Abu Dhabi,14 Nov 2010,Sebastian VettelVET,RBR Renault,55
2011,Australia,27 Mar 2011,Sebastian VettelVET,Red Bull Racing Renault,58
2011,Malaysia,10 Apr 2011,Sebastian VettelVET,Red Bull Racing Renault,56
2011,China,17 Apr 2011,Lewis HamiltonHAM,McLaren Mercedes,56
2011,Turkey,2011-05-08,Sebastian VettelVET,Red Bull Racing Renault,58
2011,Spain,2011-05-22,Sebastian VettelVET,Red Bull Racing Renault,66
2011,Monaco,2011-05-29,Sebastian VettelVET,Red Bull Racing Renault,78
2011,Canada,12 Jun 2011,Jenson ButtonBUT,McLaren Mercedes,70
2011,Europe,26 Jun 2011,Sebastian VettelVET,Red Bull Racing Renault,57
2011,Great Britain,10 Jul 2011,Fernando AlonsoALO,Ferrari,52
2011,Germany,24 Jul 2011,Lewis HamiltonHAM,McLaren Mercedes,60
2011,Hungary,31 Jul 2011,Jenson ButtonBUT,McLaren Mercedes,70
2011,Belgium,28 Aug 2011,Sebastian VettelVET,Red Bull Racing Renault,44
2011,Italy,11 Sep 2011,Sebastian VettelVET,Red Bull Racing Renault,53
2011,Singapore,25 Sep 2011,Sebastian VettelVET,Red Bull Racing Renault,61
2011,Japan,09 Oct 2011,Jenson ButtonBUT,McLaren Mercedes,53
2011,South Korea,16 Oct 2011,Sebastian VettelVET,Red Bull Racing Renault,55
2011,India,30 Oct 2011,Sebastian VettelVET,Red Bull Racing Renault,60
2011,Abu Dhabi,13 Nov 2011,Lewis HamiltonHAM,McLaren Mercedes,55
2011,Brazil,27 Nov 2011,Mark WebberWEB,Red Bull Racing Renault,71
2012,Australia,18 Mar 2012,Jenson ButtonBUT,McLaren Mercedes,58
2012,Malaysia,25 Mar 2012,Fernando AlonsoALO,Ferrari,56
2012,China,15 Apr 2012,Nico RosbergROS,Mercedes,56
2012,Bahrain,22 Apr 2012,Sebastian VettelVET,Red Bull Racing Renault,57
2012,Spain,2012-05-13,Pastor MaldonadoMAL,Williams Renault,66
2012,Monaco,2012-05-27,Mark WebberWEB,Red Bull Racing Renault,78
2012,Canada,10 Jun 2012,Lewis HamiltonHAM,McLaren Mercedes,70
2012,Europe,24 Jun 2012,Fernando AlonsoALO,Ferrari,57
2012,Great Britain,08 Jul 2012,Mark WebberWEB,Red Bull Racing Renault,52
2012,Germany,22 Jul 2012,Fernando AlonsoALO,Ferrari,67
2012,Hungary,29 Jul 2012,Lewis HamiltonHAM,McLaren Mercedes,69
2012,Belgium,02 Sep 2012,Jenson ButtonBUT,McLaren Mercedes,44
2012,Italy,09 Sep 2012,Lewis HamiltonHAM,McLaren Mercedes,53
2012,Singapore,23 Sep 2012,Sebastian VettelVET,Red Bull Racing Renault,59
2012,Japan,07 Oct 2012,Sebastian VettelVET,Red Bull Racing Renault,53
2012,South Korea,14 Oct 2012,Sebastian VettelVET,Red Bull Racing Renault,55
2012,India,28 Oct 2012,Sebastian VettelVET,Red Bull Racing Renault,60
2012,Abu Dhabi,04 Nov 2012,Kimi RäikkönenRAI,Lotus Renault,55
2012,United States,18 Nov 2012,Lewis HamiltonHAM,McLaren Mercedes,56
2012,Brazil,25 Nov 2012,Jenson ButtonBUT,McLaren Mercedes,71
2013,Australia,17 Mar 2013,Kimi RäikkönenRAI,Lotus Renault,58
2013,Malaysia,24 Mar 2013,Sebastian VettelVET,Red Bull Racing Renault,56
2013,China,14 Apr 2013,Fernando AlonsoALO,Ferrari,56
2013,Bahrain,21 Apr 2013,Sebastian VettelVET,Red Bull Racing Renault,57
2013,Spain,2013-05-12,Fernando AlonsoALO,Ferrari,66
2013,Monaco,2013-05-26,Nico RosbergROS,Mercedes,78
2013,Canada,09 Jun 2013,Sebastian VettelVET,Red Bull Racing Renault,70
2013,Great Britain,30 Jun 2013,Nico RosbergROS,Mercedes,52
2013,Germany,07 Jul 2013,Sebastian VettelVET,Red Bull Racing Renault,60
2013,Hungary,28 Jul 2013,Lewis HamiltonHAM,Mercedes,70
2013,Belgium,25 Aug 2013,Sebastian VettelVET,Red Bull Racing Renault,44
2013,Italy,08 Sep 2013,Sebastian VettelVET,Red Bull Racing Renault,53
2013,Singapore,22 Sep 2013,Sebastian VettelVET,Red Bull Racing Renault,61
2013,South Korea,06 Oct 2013,Sebastian VettelVET,Red Bull Racing Renault,55
2013,Japan,13 Oct 2013,Sebastian VettelVET,Red Bull Racing Renault,53
2013,India,27 Oct 2013,Sebastian VettelVET,Red Bull Racing Renault,60
2013,Abu Dhabi,03 Nov 2013,Sebastian VettelVET,Red Bull Racing Renault,55
2013,United States,17 Nov 2013,Sebastian VettelVET,Red Bull Racing Renault,56
2013,Brazil,24 Nov 2013,Sebastian VettelVET,Red Bull Racing Renault,71
2014,Australia,16 Mar 2014,Nico RosbergROS,Mercedes,57
2014,Malaysia,30 Mar 2014,Lewis HamiltonHAM,Mercedes,56
2014,Bahrain,06 Apr 2014,Lewis HamiltonHAM,Mercedes,57
2014,China,20 Apr 2014,Lewis HamiltonHAM,Mercedes,54
2014,Spain,2014-05-11,Lewis HamiltonHAM,Mercedes,66
2014,Monaco,2014-05-25,Nico RosbergROS,Mercedes,78
2014,Canada,08 Jun 2014,Daniel RicciardoRIC,Red Bull Racing Renault,70
2014,Austria,22 Jun 2014,Nico RosbergROS,Mercedes,71
2014,Great Britain,06 Jul 2014,Lewis HamiltonHAM,Mercedes,52
2014,Germany,20 Jul 2014,Nico RosbergROS,Mercedes,67
2014,Hungary,27 Jul 2014,Daniel RicciardoRIC,Red Bull Racing Renault,70
2014,Belgium,24 Aug 2014,Daniel RicciardoRIC,Red Bull Racing Renault,44
2014,Italy,07 Sep 2014,Lewis HamiltonHAM,Mercedes,53
2014,Singapore,21 Sep 2014,Lewis HamiltonHAM,Mercedes,60
2014,Japan,05 Oct 2014,Lewis HamiltonHAM,Mercedes,44
2014,Russia,21 Oct 2014,Lewis HamiltonHAM,Mercedes,53
2014,United States,02 Nov 2014,Lewis HamiltonHAM,Mercedes,56
2014,Brazil,09 Nov 2014,Nico RosbergROS,Mercedes,71
2014,Abu Dhabi,23 Nov 2014,Lewis HamiltonHAM,Mercedes,55
2015,Australia,15 Mar 2015,Lewis HamiltonHAM,Mercedes,58
2015,Malaysia,29 Mar 2015,Sebastian VettelVET,Ferrari,56
2015,China,12 Apr 2015,Lewis HamiltonHAM,Mercedes,56
2015,Bahrain,19 Apr 2015,Lewis HamiltonHAM,Mercedes,57
2015,Spain,2015-05-10,Nico RosbergROS,Mercedes,66
2015,Monaco,2015-05-24,Nico RosbergROS,Mercedes,78
2015,Canada,07 Jun 2015,Lewis HamiltonHAM,Mercedes,70
2015,Austria,21 Jun 2015,Nico RosbergROS,Mercedes,71
2015,Great Britain,05 Jul 2015,Lewis HamiltonHAM,Mercedes,52
2015,Hungary,26 Jul 2015,Sebastian VettelVET,Ferrari,69
2015,Belgium,23 Aug 2015,Lewis HamiltonHAM,Mercedes,43
2015,Italy,06 Sep 2015,Lewis HamiltonHAM,Mercedes,53
2015,Singapore,20 Sep 2015,Sebastian VettelVET,Ferrari,61
2015,Japan,27 Sep 2015,Lewis HamiltonHAM,Mercedes,53
2015,Russia,11 Oct 2015,Lewis HamiltonHAM,Mercedes,53
2015,United States,25 Oct 2015,Lewis HamiltonHAM,Mercedes,56
2015,Mexico,01 Nov 2015,Nico RosbergROS,Mercedes,71
2015,Brazil,15 Nov 2015,Nico RosbergROS,Mercedes,71
2015,Abu Dhabi,29 Nov 2015,Nico RosbergROS,Mercedes,55
2016,Australia,20 Mar 2016,Nico RosbergROS,Mercedes,57
2016,Bahrain,03 Apr 2016,Nico RosbergROS,Mercedes,57
2016,China,17 Apr 2016,Nico RosbergROS,Mercedes,56
2016,Russia,2016-05-01,Nico RosbergROS,Mercedes,53
2016,Spain,2016-05-15,Max VerstappenVER,Red Bull Racing TAG Heuer,66
2016,Monaco,2016-05-29,Lewis HamiltonHAM,Mercedes,78
2016,Canada,12 Jun 2016,Lewis HamiltonHAM,Mercedes,70
2016,Europe,19 Jun 2016,Nico RosbergROS,Mercedes,51
2016,Austria,03 Jul 2016,Lewis HamiltonHAM,Mercedes,71
2016,Great Britain,10 Jul 2016,Lewis HamiltonHAM,Mercedes,52
2016,Hungary,24 Jul 2016,Lewis HamiltonHAM,Mercedes,70
2016,Germany,31 Jul 2016,Lewis HamiltonHAM,Mercedes,67
2016,Belgium,28 Aug 2016,Nico RosbergROS,Mercedes,44
2016,Italy,04 Sep 2016,Nico RosbergROS,Mercedes,53
2016,Singapore,18 Sep 2016,Nico RosbergROS,Mercedes,61
2016,Malaysia,02 Oct 2016,Daniel RicciardoRIC,Red Bull Racing TAG Heuer,56
2016,Japan,09 Oct 2016,Nico RosbergROS,Mercedes,53
2016,United States,23 Oct 2016,Lewis HamiltonHAM,Mercedes,56
2016,Mexico,30 Oct 2016,Lewis HamiltonHAM,Mercedes,71
2016,Brazil,13 Nov 2016,Lewis HamiltonHAM,Mercedes,71
2016,Abu Dhabi,27 Nov 2016,Lewis HamiltonHAM,Mercedes,55
2017,Australia,26 Mar 2017,Sebastian VettelVET,Ferrari,57
2017,China,09 Apr 2017,Lewis HamiltonHAM,Mercedes,56
2017,Bahrain,16 Apr 2017,Sebastian VettelVET,Ferrari,57
2017,Russia,30 Apr 2017,Valtteri BottasBOT,Mercedes,52
2017,Spain,2017-05-14,Lewis HamiltonHAM,Mercedes,66
2017,Monaco,2017-05-28,Sebastian VettelVET,Ferrari,78
2017,Canada,11 Jun 2017,Lewis HamiltonHAM,Mercedes,70
2017,Azerbaijan,25 Jun 2017,Daniel RicciardoRIC,Red Bull Racing TAG Heuer,51
2017,Austria,09 Jul 2017,Valtteri BottasBOT,Mercedes,71
2017,Great Britain,16 Jul 2017,Lewis HamiltonHAM,Mercedes,51
2017,Hungary,30 Jul 2017,Sebastian VettelVET,Ferrari,70
2017,Belgium,27 Aug 2017,Lewis HamiltonHAM,Mercedes,44
2017,Italy,03 Sep 2017,Lewis HamiltonHAM,Mercedes,53
2017,Singapore,17 Sep 2017,Lewis HamiltonHAM,Mercedes,58
2017,Malaysia,01 Oct 2017,Max VerstappenVER,Red Bull Racing TAG Heuer,56
2017,Japan,08 Oct 2017,Lewis HamiltonHAM,Mercedes,53
2017,United States,22 Oct 2017,Lewis HamiltonHAM,Mercedes,56
2017,Mexico,29 Oct 2017,Max VerstappenVER,Red Bull Racing TAG Heuer,71
2017,Brazil,12 Nov 2017,Sebastian VettelVET,Ferrari,71
2017,Abu Dhabi,26 Nov 2017,Valtteri BottasBOT,Mercedes,55
2018,Australia,25 Mar 2018,Sebastian VettelVET,Ferrari,58
2018,Bahrain,08 Apr 2018,Sebastian VettelVET,Ferrari,57
2018,China,15 Apr 2018,Daniel RicciardoRIC,Red Bull Racing TAG Heuer,56
2018,Azerbaijan,29 Apr 2018,Lewis HamiltonHAM,Mercedes,51
2018,Spain,2018-05-13,Lewis HamiltonHAM,Mercedes,66
2018,Monaco,2018-05-27,Daniel RicciardoRIC,Red Bull Racing TAG Heuer,78
2018,Canada,10 Jun 2018,Sebastian VettelVET,Ferrari,68
2018,France,24 Jun 2018,Lewis HamiltonHAM,Mercedes,53
2018,Austria,01 Jul 2018,Max VerstappenVER,Red Bull Racing TAG Heuer,71
2018,Great Britain,08 Jul 2018,Sebastian VettelVET,Ferrari,52
2018,Germany,22 Jul 2018,Lewis HamiltonHAM,Mercedes,67
2018,Hungary,29 Jul 2018,Lewis HamiltonHAM,Mercedes,70
2018,Belgium,26 Aug 2018,Sebastian VettelVET,Ferrari,44
2018,Italy,02 Sep 2018,Lewis HamiltonHAM,Mercedes,53
2018,Singapore,16 Sep 2018,Lewis HamiltonHAM,Mercedes,61
2018,Russia,30 Sep 2018,Lewis HamiltonHAM,Mercedes,53
2018,Japan,07 Oct 2018,Lewis HamiltonHAM,Mercedes,53
2018,United States,21 Oct 2018,Kimi RäikkönenRAI,Ferrari,56
2018,Mexico,28 Oct 2018,Max VerstappenVER,Red Bull Racing TAG Heuer,71
2018,Brazil,11 Nov 2018,Lewis HamiltonHAM,Mercedes,71
2018,Abu Dhabi,25 Nov 2018,Lewis HamiltonHAM,Mercedes,55
2019,Australia,17 Mar 2019,Valtteri BottasBOT,Mercedes,58
2019,Bahrain,31 Mar 2019,Lewis HamiltonHAM,Mercedes,57
2019,China,14 Apr 2019,Lewis HamiltonHAM,Mercedes,56
2019,Azerbaijan,28 Apr 2019,Valtteri BottasBOT,Mercedes,51
2019,Spain,2019-05-12,Lewis HamiltonHAM,Mercedes,66
2019,Monaco,2019-05-26,Lewis HamiltonHAM,Mercedes,78
2019,Canada,09 Jun 2019,Lewis HamiltonHAM,Mercedes,70
2019,France,23 Jun 2019,Lewis HamiltonHAM,Mercedes,53
2019,Austria,30 Jun 2019,Max VerstappenVER,Red Bull Racing Honda,71
2019,Great Britain,14 Jul 2019,Lewis HamiltonHAM,Mercedes,52
2019,Germany,28 Jul 2019,Max VerstappenVER,Red Bull Racing Honda,64
2019,Hungary,04 Aug 2019,Lewis HamiltonHAM,Mercedes,70
2019,Belgium,01 Sep 2019,Charles LeclercLEC,Ferrari,44
2019,Italy,08 Sep 2019,Charles LeclercLEC,Ferrari,53
2019,Singapore,22 Sep 2019,Sebastian VettelVET,Ferrari,61
2019,Russia,29 Sep 2019,Lewis HamiltonHAM,Mercedes,53
2019,Japan,13 Oct 2019,Valtteri BottasBOT,Mercedes,52
2019,Mexico,27 Oct 2019,Lewis HamiltonHAM,Mercedes,71
2019,United States,03 Nov 2019,Valtteri BottasBOT,Mercedes,56
2019,Brazil,17 Nov 2019,Max VerstappenVER,Red Bull Racing Honda,71
2019,Abu Dhabi,01 Dec 2019,Lewis HamiltonHAM,Mercedes,55
2020,Austria,05 Jul 2020,Valtteri BottasBOT,Mercedes,71
2020,Styria,12 Jul 2020,Lewis HamiltonHAM,Mercedes,71
2020,Hungary,19 Jul 2020,Lewis HamiltonHAM,Mercedes,70
2020,Great Britain,02 Aug 2020,Lewis HamiltonHAM,Mercedes,52
2020,70th Anniversary,09 Aug 2020,Max VerstappenVER,Red Bull Racing Honda,52
2020,Spain,16 Aug 2020,Lewis HamiltonHAM,Mercedes,66
2020,Belgium,30 Aug 2020,Lewis HamiltonHAM,Mercedes,44
2020,Italy,06 Sep 2020,Pierre GaslyGAS,AlphaTauri Honda,53
2020,Tuscany,13 Sep 2020,Lewis HamiltonHAM,Mercedes,59
2020,Russia,27 Sep 2020,Valtteri BottasBOT,Mercedes,53
2020,Eifel,11 Oct 2020,Lewis HamiltonHAM,Mercedes,60
2020,Portugal,25 Oct 2020,Lewis HamiltonHAM,Mercedes,66
2020,Emilia-Romagna,01 Nov 2020,Lewis HamiltonHAM,Mercedes,63
2020,Turkey,15 Nov 2020,Lewis HamiltonHAM,Mercedes,58
2020,Bahrain,29 Nov 2020,Lewis HamiltonHAM,Mercedes,57
2020,Sakhir,06 Dec 2020,Sergio PerezPER,Racing Point BWT Mercedes,87
2020,Abu Dhabi,13 Dec 2020,Max VerstappenVER,Red Bull Racing Honda,55
2021,Bahrain,28 Mar 2021,Lewis HamiltonHAM,Mercedes,56
2021,Emilia-Romagna,18 Apr 2021,Max VerstappenVER,Red Bull Racing Honda,63
2021,Portugal,2021-05-02,Lewis HamiltonHAM,Mercedes,66
2021,Spain,2021-05-09,Lewis HamiltonHAM,Mercedes,66
2021,Monaco,2021-05-23,Max VerstappenVER,Red Bull Racing Honda,78
2021,Azerbaijan,06 Jun 2021,Sergio PerezPER,Red Bull Racing Honda,51
2021,France,20 Jun 2021,Max VerstappenVER,Red Bull Racing Honda,53
2021,Styria,27 Jun 2021,Max VerstappenVER,Red Bull Racing Honda,71
2021,Austria,04 Jul 2021,Max VerstappenVER,Red Bull Racing Honda,71
2021,Great Britain,18 Jul 2021,Lewis HamiltonHAM,Mercedes,52
2021,Hungary,01 Aug 2021,Esteban OconOCO,Alpine Renault,70
2021,Belgium,29 Aug 2021,Max VerstappenVER,Red Bull Racing Honda,1
2021,Netherlands,05 Sep 2021,Max VerstappenVER,Red Bull Racing Honda,72
2021,Italy,12 Sep 2021,Daniel RicciardoRIC,McLaren Mercedes,53
2021,Russia,26 Sep 2021,Lewis HamiltonHAM,Mercedes,53
2021,Turkey,10 Oct 2021,Valtteri BottasBOT,Mercedes,58
2021,United States,24 Oct 2021,Max VerstappenVER,Red Bull Racing Honda,56
2021,Mexico,07 Nov 2021,Max VerstappenVER,Red Bull Racing Honda,71
2021,Brazil,14 Nov 2021,Lewis HamiltonHAM,Mercedes,71
2021,Qatar,21 Nov 2021,Lewis HamiltonHAM,Mercedes,57
2021,Saudi Arabia,05 Dec 2021,Lewis HamiltonHAM,Mercedes,50
2021,Abu Dhabi,12 Dec 2021,Max VerstappenVER,Red Bull Racing Honda,58
2022,Bahrain,20 Mar 2022,Charles LeclercLEC,Ferrari,57
2022,Saudi Arabia,27 Mar 2022,Max VerstappenVER,Red Bull Racing RBPT,50
2022,Australia,10 Apr 2022,Charles LeclercLEC,Ferrari,58
2022,Emilia-Romagna,24 Apr 2022,Max VerstappenVER,Red Bull Racing RBPT,63
2022,Miami,2022-05-08,Max VerstappenVER,Red Bull Racing RBPT,57
2022,Spain,2022-05-22,Max VerstappenVER,Red Bull Racing RBPT,66
2022,Monaco,2022-05-29,Sergio PerezPER,Red Bull Racing RBPT,64
2022,Azerbaijan,12 Jun 2022,Max VerstappenVER,Red Bull Racing RBPT,51
2022,Canada,19 Jun 2022,Max VerstappenVER,Red Bull Racing RBPT,70
2022,Great Britain,03 Jul 2022,Carlos SainzSAI,Ferrari,52
2022,Austria,10 Jul 2022,Charles LeclercLEC,Ferrari,71
2022,France,24 Jul 2022,Max VerstappenVER,Red Bull Racing RBPT,53
2022,Hungary,31 Jul 2022,Max VerstappenVER,Red Bull Racing RBPT,70
2022,Belgium,28 Aug 2022,Max VerstappenVER,Red Bull Racing RBPT,44
2022,Netherlands,04 Sep 2022,Max VerstappenVER,Red Bull Racing RBPT,72
2022,Italy,11 Sep 2022,Max VerstappenVER,Red Bull Racing RBPT,53
2022,Singapore,02 Oct 2022,Sergio PerezPER,Red Bull Racing RBPT,59
2022,Japan,09 Oct 2022,Max VerstappenVER,Red Bull Racing RBPT,28
2022,United States,23 Oct 2022,Max VerstappenVER,Red Bull Racing RBPT,56
2022,Mexico,30 Oct 2022,Max VerstappenVER,Red Bull Racing RBPT,71
2022,Brazil,13 Nov 2022,George RussellRUS,Mercedes,71
2022,Abu Dhabi,20 Nov 2022,Max VerstappenVER,Red Bull Racing RBPT,58
2023,Bahrain,05 Mar 2023,Max VerstappenVER,Red Bull Racing Honda RBPT,57
2023,Saudi Arabia,19 Mar 2023,Sergio PerezPER,Red Bull Racing Honda RBPT,50
2023,Australia,02 Apr 2023,Max VerstappenVER,Red Bull Racing Honda RBPT,58
2023,Azerbaijan,30 Apr 2023,Sergio PerezPER,Red Bull Racing Honda RBPT,51
2023,Miami,2023-05-07,Max VerstappenVER,Red Bull Racing Honda RBPT,57
2023,Monaco,2023-05-28,Max VerstappenVER,Red Bull Racing Honda RBPT,78
2023,Spain,04 Jun 2023,Max VerstappenVER,Red Bull Racing Honda RBPT,66
2023,Canada,18 Jun 2023,Max VerstappenVER,Red Bull Racing Honda RBPT,70
2023,Austria,02 Jul 2023,Max VerstappenVER,Red Bull Racing Honda RBPT,71
2023,Great Britain,09 Jul 2023,Max VerstappenVER,Red Bull Racing Honda RBPT,52
2023,Hungary,23 Jul 2023,Max VerstappenVER,Red Bull Racing Honda RBPT,70
2023,Belgium,30 Jul 2023,Max VerstappenVER,Red Bull Racing Honda RBPT,44
2023,Netherlands,27 Aug 2023,Max VerstappenVER,Red Bull Racing Honda RBPT,72
2023,Italy,03 Sep 2023,Max VerstappenVER,Red Bull Racing Honda RBPT,51
2023,Singapore,17 Sep 2023,Carlos SainzSAI,Ferrari,62
2023,Japan,24 Sep 2023,Max VerstappenVER,Red Bull Racing Honda RBPT,53
2023,Qatar,08 Oct 2023,Max VerstappenVER,Red Bull Racing Honda RBPT,57
2023,United States,22 Oct 2023,Max VerstappenVER,Red Bull Racing Honda RBPT,56
2023,Mexico,29 Oct 2023,Max VerstappenVER,Red Bull Racing Honda RBPT,71
2023,Brazil,05 Nov 2023,Max VerstappenVER,Red Bull Racing Honda RBPT,71
2023,Las Vegas,18 Nov 2023,Max VerstappenVER,Red Bull Racing Honda RBPT,50
2023,Abu Dhabi,26 Nov 2023,Max VerstappenVER,Red Bull Racing Honda RBPT,58
2024,Bahrain,02 Mar 2024,Max VerstappenVER,Red Bull Racing Honda RBPT,57
2024,Saudi Arabia,09 Mar 2024,Max VerstappenVER,Red Bull Racing Honda RBPT,50
2024,Australia,24 Mar 2024,Carlos SainzSAI,Ferrari,58
2024,Japan,07 Apr 2024,Max VerstappenVER,Red Bull Racing Honda RBPT,53
2024,China,21 Apr 2024,Max VerstappenVER,Red Bull Racing Honda RBPT,56
2024,Miami,2024-05-05,Lando NorrisNOR,McLaren Mercedes,57
2024,Emilia-Romagna,2024-05-19,Max VerstappenVER,Red Bull Racing Honda RBPT,63
2024,Monaco,2024-05-26,Charles LeclercLEC,Ferrari,78
2024,Canada,09 Jun 2024,Max VerstappenVER,Red Bull Racing Honda RBPT,70
2024,Spain,23 Jun 2024,Max VerstappenVER,Red Bull Racing Honda RBPT,66
2024,Austria,30 Jun 2024,George RussellRUS,Mercedes,71
2024,Great Britain,07 Jul 2024,Lewis HamiltonHAM,Mercedes,52
2024,Hungary,21 Jul 2024,Oscar PiastriPIA,McLaren Mercedes,70
2024,Belgium,28 Jul 2024,Lewis HamiltonHAM,Mercedes,44
2024,Netherlands,25 Aug 2024,Lando NorrisNOR,McLaren Mercedes,72
2024,Italy,01 Sep 2024,Charles LeclercLEC,Ferrari,53
2024,Azerbaijan,15 Sep 2024,Oscar PiastriPIA,McLaren Mercedes,51
2024,Singapore,22 Sep 2024,Lando NorrisNOR,McLaren Mercedes,62
2024,United States,20 Oct 2024,Charles LeclercLEC,Ferrari,56
2024,Mexico,27 Oct 2024,Carlos SainzSAI,Ferrari,71
2024,Brazil,03 Nov 2024,Max VerstappenVER,Red Bull Racing Honda RBPT,69
2024,Las Vegas,23 Nov 2024,George RussellRUS,Mercedes,50
2024,Qatar,01 Dec 2024,Max VerstappenVER,Red Bull Racing Honda RBPT,57
2024,Abu Dhabi,08 Dec 2024,Lando NorrisNOR,McLaren Mercedes,58
